"date","ret","post_break"
2014-01-02,-0.386975478814997,0
2014-01-03,-1.08564401563682,0
2014-01-06,0.195884221301834,0
2014-01-07,0.940565081375891,0
2014-01-08,-0.763741892845753,0
2014-01-09,0.601625318949111,0
2014-01-10,0.162821208841628,0
2014-01-13,1.01100926454872,0
2014-01-14,-0.734017666750873,0
2014-01-15,0.0341873869418354,0
2014-01-16,-0.177469844463929,0
2014-01-17,0.438892654309049,0
2014-01-20,-0.160480181313483,0
2014-01-21,0.343577166192998,0
2014-01-22,-0.0289200870501054,0
2014-01-23,0.128759671371638,0
2014-01-24,-0.160029352860371,0
2014-01-27,-0.596761493245436,0
2014-01-28,0.221162887206148,0
2014-01-29,-0.397395729703305,0
2014-01-30,0.673360143166905,0
2014-01-31,-0.828780245072234,0
2014-02-03,-0.521403908541534,0
2014-02-04,-1.26625180215366,0
2014-02-05,-0.160866429674546,0
2014-02-06,-0.678472770524223,0
2014-02-07,-0.0184771887704213,0
2014-02-10,-0.543824967907131,0
2014-02-11,-0.179118409512836,0
2014-02-12,0.126123924711884,0
2014-02-13,-0.614229531639658,0
2014-02-14,0.311443478507435,0
2014-02-17,0.0967497831117736,0
2014-02-18,0.185106216047414,0
2014-02-19,0.20886955392359,0
2014-02-20,0.129325320836383,0
2014-02-21,-0.489911062840273,0
2014-02-24,-0.058947844118073,0
2014-02-25,0.196107920383328,0
2014-02-26,-0.22604259366861,0
2014-02-27,0.232023085727612,0
2014-02-28,0.152986117228231,0
2014-03-03,-0.274030076766916,0
2014-03-04,0.226390701226704,0
2014-03-05,0.044613150132246,0
2014-03-06,0.296966565185743,0
2014-03-07,0.47834141866153,0
2014-03-10,-0.320597744178759,0
2014-03-11,-0.269878309979617,0
2014-03-12,-1.04926568381418,0
2014-03-13,-0.409700470483759,0
2014-03-14,0.123733567088614,0
2014-03-17,-0.325698689543959,0
2014-03-18,-0.0346291045895453,0
2014-03-19,0.790025835808592,0
2014-03-20,0.614594158078652,0
2014-03-21,0.410594660044981,0
2014-03-24,-0.0621175538260564,0
2014-03-25,0.248691168969865,0
2014-03-26,-0.226989065451632,0
2014-03-27,-0.141966716793236,0
2014-03-28,-0.138350162621596,0
2014-03-31,0.561022420151385,0
2014-04-01,0.501663593180597,0
2014-04-02,0.28181088153106,0
2014-04-03,-0.00737649362773999,0
2014-04-04,0.41856837963382,0
2014-04-07,0.084019795086286,0
2014-04-08,0.174404440310998,0
2014-04-09,-0.0328820419196382,0
2014-04-10,0.507332352602343,0
2014-04-11,1.44266082944948,0
2014-04-14,0.38391465001575,0
2014-04-15,-0.483934971798784,0
2014-04-16,0.191381000877219,0
2014-04-17,-0.437303718606279,0
2014-04-18,0.518187321525139,0
2014-04-21,0.542374441447025,0
2014-04-22,0.235735605613,0
2014-04-23,0.0589431473318169,0
2014-04-24,-0.507870456631138,0
2014-04-25,0.265640301741047,0
2014-04-28,0.18508249897793,0
2014-04-29,-0.0666810987730585,0
2014-04-30,-0.317481932354738,0
2014-05-01,0.341271732729975,0
2014-05-02,-0.200284107155613,0
2014-05-05,0.349130469740682,0
2014-05-06,0.393940553749743,0
2014-05-07,0.26338434129695,0
2014-05-08,0.255402450367811,0
2014-05-09,0.0991873724867565,0
2014-05-12,0.117227278866901,0
2014-05-13,0.11435039199137,0
2014-05-14,-0.110400892871593,0
2014-05-15,-0.0757127564489947,0
2014-05-16,0.211010626754936,0
2014-05-19,0.508807929186328,0
2014-05-20,0.0331149531622114,0
2014-05-21,0.212892871010877,0
2014-05-22,0.36797278808041,0
2014-05-23,-0.524130357491542,0
2014-05-26,0.438854687007242,0
2014-05-27,-0.304223374871537,0
2014-05-28,0.764592317117191,0
2014-05-29,-0.265531838137694,0
2014-05-30,-0.742000200682486,0
2014-06-02,-0.770260797278667,0
2014-06-03,-0.0116712045866565,0
2014-06-04,-0.117865255255968,0
2014-06-05,0.374386922605231,0
2014-06-06,0.635024997081122,0
2014-06-09,0.12692280939055,0
2014-06-10,0.731226348411507,0
2014-06-11,0.635503518065705,0
2014-06-12,-0.0263671244589728,0
2014-06-13,0.673397186456854,0
2014-06-16,-0.907359845705247,0
2014-06-17,0.0526253099656398,0
2014-06-18,-0.59980593144324,0
2014-06-19,0.220312707613801,0
2014-06-20,0.429470957225376,0
2014-06-23,0.213005173836661,0
2014-06-24,-0.533422470035316,0
2014-06-25,0.245801025039656,0
2014-06-26,-0.338802993010266,0
2014-06-27,0.630431500934276,0
2014-06-30,-0.250580720044597,0
2014-07-01,0.0649345441211088,0
2014-07-02,-0.433650488407097,0
2014-07-03,-0.405127675218659,0
2014-07-04,0.21241524230142,0
2014-07-07,0.351914060858529,0
2014-07-08,-0.214394197722482,0
2014-07-09,0.218381933892953,0
2014-07-10,-0.332240999555007,0
2014-07-11,0.0827901618351073,0
2014-07-14,-0.0942559514482451,0
2014-07-15,0.0911752336577643,0
2014-07-16,-0.215680331937409,0
2014-07-17,0.0680775472801907,0
2014-07-18,0.128507178919726,0
2014-07-21,0.0524000552042008,0
2014-07-22,-0.4236790782316,0
2014-07-23,-0.0241204323289122,0
2014-07-24,-0.410983508411089,0
2014-07-25,-0.842638127654658,0
2014-07-28,0.464472363043856,0
2014-07-29,0.0803867233998374,0
2014-07-30,-0.582209024864432,0
2014-07-31,-0.347150205203985,0
2014-08-01,0.290377482648579,0
2014-08-04,0.346066635299996,0
2014-08-05,0.717075635323065,0
2014-08-06,-0.0805685335715418,0
2014-08-07,-0.280118604115838,0
2014-08-08,-0.0629109573518075,0
2014-08-11,0.378815411657181,0
2014-08-12,-0.25316489363466,0
2014-08-13,1.28301641460474,0
2014-08-14,0.0839797197444584,0
2014-08-15,-0.0974909013552561,0
2014-08-18,-0.129815480186058,0
2014-08-19,-0.693785408135831,0
2014-08-20,-0.375394486444065,0
2014-08-21,-0.391284233587563,0
2014-08-22,0.945574972185575,0
2014-08-25,0.126288267063528,0
2014-08-26,0.0571800120019153,0
2014-08-27,0.690937404395171,0
2014-08-28,-0.118538088009428,0
2014-08-29,1.2170262892713,0
2014-09-01,-0.147886827413025,0
2014-09-02,0.0317571800438929,0
2014-09-03,0.266161232272895,0
2014-09-04,-0.806101381593004,0
2014-09-05,-0.630912468386595,0
2014-09-08,1.01531649285297,0
2014-09-09,-0.170795474010034,0
2014-09-10,1.11858926421873,0
2014-09-11,0.0718318423342183,0
2014-09-12,0.58790697964463,0
2014-09-15,-0.685261052790239,0
2014-09-16,1.70731138626847,0
2014-09-17,-0.292666352463295,0
2014-09-18,-0.0975890531957108,0
2014-09-19,0.55858480100079,0
2014-09-22,0.683057152746918,0
2014-09-23,-0.321889906789403,0
2014-09-24,-0.212763668175832,0
2014-09-25,0.212158536709549,0
2014-09-26,0.836395543457796,0
2014-09-29,-1.20055500785546,0
2014-09-30,0.254782344387118,0
2014-10-01,-0.072011080029605,0
2014-10-02,-0.0769466623336805,0
2014-10-03,1.07688786262367,0
2014-10-06,0.460272327500796,0
2014-10-07,-0.175123103744551,0
2014-10-08,0.340958187875606,0
2014-10-09,-0.312344957106099,0
2014-10-10,0.69432763146078,0
2014-10-13,-0.138908271887372,0
2014-10-14,-0.152338695352682,0
2014-10-15,-0.557223739146858,0
2014-10-16,-0.758287216217088,0
2014-10-17,-0.527950763791362,0
2014-10-20,0.3287361396984,0
2014-10-21,-0.00835019198535399,0
2014-10-22,-0.345850384654406,0
2014-10-23,0.581827955491553,0
2014-10-24,-0.292939842841653,0
2014-10-27,-0.192461923327174,0
2014-10-28,-0.033615528210519,0
2014-10-29,0.888890533095836,0
2014-10-30,0.142526812214626,0
2014-10-31,-0.989309234348126,0
2014-11-03,-0.676190192724146,0
2014-11-04,0.0809093975890019,0
2014-11-05,-0.0568463958212779,0
2014-11-06,0.623740782158994,0
2014-11-07,-0.00231801537906522,0
2014-11-10,0.219667894865272,0
2014-11-11,-0.455913784073647,0
2014-11-12,-0.230270756286504,0
2014-11-13,-0.0125058562334598,0
2014-11-14,-0.543757166152901,0
2014-11-17,0.384103428069327,0
2014-11-18,0.194304544449734,0
2014-11-19,-0.412261125406129,0
2014-11-20,-0.00610541416811326,0
2014-11-21,-0.0906437659139803,0
2014-11-24,-0.103295369340952,0
2014-11-25,0.799192612865477,0
2014-11-26,-0.599331780028622,0
2014-11-27,0.80203816628754,0
2014-11-28,-0.0729869393215846,0
2014-12-01,-0.487745133057022,0
2014-12-02,-0.2458200960099,0
2014-12-03,0.619800899129967,0
2014-12-04,-0.260531119391386,0
2014-12-05,0.0108228104666613,0
2014-12-08,-0.082188494558234,0
2014-12-09,-0.499330813047102,0
2014-12-10,-0.721197811958598,0
2014-12-11,0.0663326554065952,0
2014-12-12,-0.172447134257961,0
2014-12-15,-0.103823016485977,0
2014-12-16,-0.901945707271818,0
2014-12-17,-0.346025412505684,0
2014-12-18,0.00729264473817547,0
2014-12-19,0.432279989473997,0
2014-12-22,-0.189489639004933,0
2014-12-23,0.0846596095307959,0
2014-12-24,-0.145716630209576,0
2014-12-25,-0.0664031580438994,0
2014-12-26,-0.173360797371405,0
2014-12-29,0.421083233236743,0
2014-12-30,-0.239856747717814,0
2014-12-31,1.11667092399662,0
2015-01-01,-0.334727919487024,0
2015-01-02,0.952049531705944,0
2015-01-05,-0.377691352448419,0
2015-01-06,-0.287560764117206,0
2015-01-07,-0.696489766814437,0
2015-01-08,-0.466863030109359,0
2015-01-09,-0.211665240986896,0
2015-01-12,0.789379717288261,0
2015-01-13,0.193105032770944,0
2015-01-14,0.62382725252942,0
2015-01-15,0.0922252989574613,0
2015-01-16,-0.556921518268816,0
2015-01-19,-0.469576439642128,0
2015-01-20,0.254524755109589,0
2015-01-21,0.0798464263135846,0
2015-01-22,-0.121922239289052,0
2015-01-23,-0.129757399539302,0
2015-01-26,-0.278791635580748,0
2015-01-27,0.397027019168677,0
2015-01-28,-0.41990323328319,0
2015-01-29,-0.374717084837955,0
2015-01-30,-0.0447497811819179,0
2015-02-02,0.342849946583538,0
2015-02-03,0.116452488838132,0
2015-02-04,-0.0979327689209926,0
2015-02-05,0.122903695613662,0
2015-02-06,-0.460532483096409,0
2015-02-09,-0.655647994266935,0
2015-02-10,-0.602852990729561,0
2015-02-11,-0.0948044226008159,0
2015-02-12,0.243018193677245,0
2015-02-13,0.542402829006359,0
2015-02-16,0.553310732021228,0
2015-02-17,-0.466974380628184,0
2015-02-18,-1.03259185341312,0
2015-02-19,-0.58095854752305,0
2015-02-20,-0.502729308133745,0
2015-02-23,0.434700871143393,0
2015-02-24,0.0548363195120055,0
2015-02-25,0.956429207240067,0
2015-02-26,-0.430040122778993,0
2015-02-27,-0.732914358028095,0
2015-03-02,-0.0831413649808205,0
2015-03-03,-0.124452289157661,0
2015-03-04,-0.257476529135653,0
2015-03-05,0.556840770860129,0
2015-03-06,-1.82771424737295,0
2015-03-09,-0.269839564119101,0
2015-03-10,-0.00437537614672015,0
2015-03-11,1.41908877344613,0
2015-03-12,0.589664615425869,0
2015-03-13,-0.0607944843579413,0
2015-03-16,-1.25639251785452,0
2015-03-17,0.25775525592312,0
2015-03-18,-1.2419182679132,0
2015-03-19,0.599887625010521,0
2015-03-20,-0.637901463325262,0
2015-03-23,0.0154194582379767,0
2015-03-24,0.0803087591774253,0
2015-03-25,0.0452308265904751,0
2015-03-26,-0.225262264456521,0
2015-03-27,-0.506436321646011,0
2015-03-30,0.696839889206639,0
2015-03-31,-0.457985355224682,0
2015-04-01,-0.134120666182021,0
2015-04-02,-0.776997875920731,0
2015-04-03,0.093788275054081,0
2015-04-06,0.384006098596263,0
2015-04-07,-0.350910152854879,0
2015-04-08,0.235324240129021,0
2015-04-09,-0.456013590951832,0
2015-04-10,-0.0703096104013316,0
2015-04-13,0.125469835715901,0
2015-04-14,0.037068385565022,0
2015-04-15,-0.547043183996573,0
2015-04-16,-0.684170636183354,0
2015-04-17,-0.167613189691356,0
2015-04-20,0.409134591157147,0
2015-04-21,0.0954778265371632,0
2015-04-22,0.00209675953163726,0
2015-04-23,-0.0294643247281514,0
2015-04-24,-0.528484079914992,0
2015-04-27,-0.253735910088686,0
2015-04-28,-0.72236391766783,0
2015-04-29,-0.114365709812373,0
2015-04-30,-0.617345134343905,0
2015-05-01,-0.159578348068689,0
2015-05-04,0.12819371085567,0
2015-05-05,0.344163469453728,0
2015-05-06,0.159371556493971,0
2015-05-07,0.276442755965051,0
2015-05-08,-0.167220162721681,0
2015-05-11,0.179432500527497,0
2015-05-12,0.880727166821752,0
2015-05-13,0.296661649825542,0
2015-05-14,-0.299108799115572,0
2015-05-15,0.575734617607139,0
2015-05-18,0.906979592466181,0
2015-05-19,-0.711780863806893,0
2015-05-20,0.474654534559128,0
2015-05-21,-0.0910344571039373,0
2015-05-22,0.451617188172898,0
2015-05-25,0.338245418075281,0
2015-05-26,0.41582146100318,0
2015-05-27,0.608872087996265,0
2015-05-28,-0.649111883473979,0
2015-05-29,1.57237486540038,0
2015-06-01,-1.04687201154167,0
2015-06-02,1.37487968900901,0
2015-06-03,0.241842295483266,0
2015-06-04,-0.4130187421736,0
2015-06-05,-1.01379500674993,0
2015-06-08,0.399493274598234,0
2015-06-09,1.14115194244013,0
2015-06-10,-0.396595638250056,0
2015-06-11,-0.0547325879958665,0
2015-06-12,0.356855848876055,0
2015-06-15,-0.56626997425637,0
2015-06-16,0.341322680426999,0
2015-06-17,0.124077356635856,0
2015-06-18,0.347264586386585,0
2015-06-19,0.114398830041656,0
2015-06-22,0.140169655478694,0
2015-06-23,-0.838234392928917,0
2015-06-24,0.573162573494501,0
2015-06-25,-0.0844105199696983,0
2015-06-26,-0.131309742588516,0
2015-06-29,0.398622365220114,0
2015-06-30,-0.163868126077837,0
2015-07-01,0.274692020493005,0
2015-07-02,-0.58261254893623,0
2015-07-03,-0.43829213151984,0
2015-07-06,-0.214576855822469,0
2015-07-07,-0.0657180110673525,0
2015-07-08,-0.577202154226928,0
2015-07-09,-0.360872237444815,0
2015-07-10,0.0854388212920904,0
2015-07-13,0.577304267353558,0
2015-07-14,0.162555536816714,0
2015-07-15,0.614699230805132,0
2015-07-16,-0.0360486054012813,0
2015-07-17,-0.293346941598656,0
2015-07-20,0.743822104367341,0
2015-07-21,0.721273768645306,0
2015-07-22,-0.368177918201307,0
2015-07-23,0.244176679907355,0
2015-07-24,0.855586469914576,0
2015-07-27,0.0990327175569586,0
2015-07-28,0.0626405679062468,0
2015-07-29,-0.424119960378596,0
2015-07-30,-0.273171280911438,0
2015-07-31,-0.662847462488614,0
2015-08-03,-0.585576970591429,0
2015-08-04,1.43198769432221,0
2015-08-05,-0.141219442748814,0
2015-08-06,-0.283409635129781,0
2015-08-07,0.175962379372006,0
2015-08-10,-0.545700781369847,0
2015-08-11,-0.0997835558427766,0
2015-08-12,-0.420772663876983,0
2015-08-13,-0.153987953122677,0
2015-08-14,0.210384176750321,0
2015-08-17,-0.00498554111167829,0
2015-08-18,0.124190466157118,0
2015-08-19,-0.443304502131253,0
2015-08-20,-0.393624599918712,0
2015-08-21,0.187956671270526,0
2015-08-24,0.659307503087945,0
2015-08-25,-0.158323650384565,0
2015-08-26,0.678140080129476,0
2015-08-27,-0.462774818917422,0
2015-08-28,-0.438648659709996,0
2015-08-31,0.346730753827051,0
2015-09-01,0.519182340015047,0
2015-09-02,0.530807375098471,0
2015-09-03,-0.516738036905629,0
2015-09-04,0.628387360371747,0
2015-09-07,0.798422881858106,0
2015-09-08,0.0887304706063307,0
2015-09-09,0.153033628258997,0
2015-09-10,-0.26842684864345,0
2015-09-11,-0.845211738561645,0
2015-09-14,-0.0308485682727544,0
2015-09-15,0.68592977934772,0
2015-09-16,-0.560363263067093,0
2015-09-17,-0.869649698271483,0
2015-09-18,-0.172613946177644,0
2015-09-21,-0.0385873927289455,0
2015-09-22,-0.163601635822618,0
2015-09-23,-0.76242526257881,0
2015-09-24,0.0946311320396069,0
2015-09-25,-0.543484071519216,0
2015-09-28,-0.79537492778497,0
2015-09-29,0.941647317120828,0
2015-09-30,-0.0261254505570893,0
2015-10-01,0.150387552722324,0
2015-10-02,0.183736156661495,0
2015-10-05,0.202615394183263,0
2015-10-06,0.285194833109353,0
2015-10-07,0.429164258956237,0
2015-10-08,0.32323337057343,0
2015-10-09,0.34060929474064,0
2015-10-12,-0.0849744178130101,0
2015-10-13,0.106412580239654,0
2015-10-14,0.300730403229602,0
2015-10-15,0.0082265954518398,0
2015-10-16,-0.187233610304345,0
2015-10-19,-0.110433571682756,0
2015-10-20,-0.340660793387963,0
2015-10-21,-0.286294447557245,0
2015-10-22,0.320445594390115,0
2015-10-23,-0.115691884762952,0
2015-10-26,0.603855048145173,0
2015-10-27,-0.296628297949962,0
2015-10-28,-0.587568486146021,0
2015-10-29,0.424483608386028,0
2015-10-30,-0.549362560044816,0
2015-11-02,-0.278267104836307,0
2015-11-03,0.740198184971094,0
2015-11-04,1.03913842895944,0
2015-11-05,-0.049547668376115,0
2015-11-06,0.196992333906228,0
2015-11-09,-1.38550172605437,0
2015-11-10,0.592895339546395,0
2015-11-11,0.593744508870812,0
2015-11-12,0.215484780583859,0
2015-11-13,-0.187254733361244,0
2015-11-16,0.195128598660869,0
2015-11-17,-0.649409203609935,0
2015-11-18,0.533399374520944,0
2015-11-19,0.00706313004286113,0
2015-11-20,0.162301848389868,0
2015-11-23,-0.339822278512737,0
2015-11-24,-0.0981898807871205,0
2015-11-25,-0.0065861555400769,0
2015-11-26,-0.414565062737459,0
2015-11-27,-0.167769355469306,0
2015-11-30,-0.030288790531944,0
2015-12-01,-0.00413303530793067,0
2015-12-02,-0.200497952720526,0
2015-12-03,-0.0345770786428412,0
2015-12-04,-0.132611613481513,0
2015-12-07,0.391028954155608,0
2015-12-08,0.195408356578283,0
2015-12-09,-0.115216201235025,0
2015-12-10,0.50654419899864,0
2015-12-11,0.129605015912171,0
2015-12-14,-0.00186561182560438,0
2015-12-15,0.279012863004091,0
2015-12-16,0.28409123930818,0
2015-12-17,0.526006644873139,0
2015-12-18,0.272114133113358,0
2015-12-21,0.100828375057049,0
2015-12-22,-0.608569331213152,0
2015-12-23,0.177782081606556,0
2015-12-24,0.0438572254164935,0
2015-12-25,-0.529845889030988,0
2015-12-28,-0.0877506868790933,0
2015-12-29,0.0876142095566984,0
2015-12-30,0.226508649736485,0
2015-12-31,0.0956660306453092,0
2016-01-01,-0.379228736457112,0
2016-01-04,0.113176048168032,0
2016-01-05,0.341778184563043,0
2016-01-06,0.196285922124274,0
2016-01-07,0.479866424040291,0
2016-01-08,0.418392681285264,0
2016-01-11,0.0933294695168846,0
2016-01-12,-0.55522069765517,0
2016-01-13,-0.32500196970132,0
2016-01-14,-0.166598198717207,0
2016-01-15,-0.583812238963331,0
2016-01-18,-0.638601903711379,0
2016-01-19,-0.685123176881947,0
2016-01-20,-0.0427229488391495,0
2016-01-21,-0.413310992216511,0
2016-01-22,0.638291652958268,0
2016-01-25,-0.694727041428262,0
2016-01-26,-0.266374478442541,0
2016-01-27,-0.629919789007301,0
2016-01-28,-0.75524608044176,0
2016-01-29,-0.542220983236603,0
2016-02-01,-0.0960261591843756,0
2016-02-02,-0.724537142429977,0
2016-02-03,-0.959657104036773,0
2016-02-04,0.0242727460361572,0
2016-02-05,0.0473496724681101,0
2016-02-08,-0.393565706176702,0
2016-02-09,-0.153366251128535,0
2016-02-10,0.212740547921497,0
2016-02-11,-0.0977580998461929,0
2016-02-12,0.0533637537144612,0
2016-02-15,-0.159706737339996,0
2016-02-16,-0.0413264016818433,0
2016-02-17,0.25838107326297,0
2016-02-18,0.0765274009059671,0
2016-02-19,0.392743054383085,0
2016-02-22,0.233733865032453,0
2016-02-23,-0.270466324177702,0
2016-02-24,0.097687738550704,0
2016-02-25,-0.0625595388181276,0
2016-02-26,-0.0422423871071364,0
2016-02-29,0.573360766942263,0
2016-03-01,-0.180368018847306,0
2016-03-02,0.445083097845638,0
2016-03-03,0.0156019276275905,0
2016-03-04,0.367423052602309,0
2016-03-07,-0.454851014899942,0
2016-03-08,-0.489075036745621,0
2016-03-09,0.0275765367418824,0
2016-03-10,-0.409273148395196,0
2016-03-11,-0.0586452239454317,0
2016-03-14,0.196578306070195,0
2016-03-15,-0.0822138364846336,0
2016-03-16,-0.479074782691177,0
2016-03-17,-0.112465576052607,0
2016-03-18,0.325344200957421,0
2016-03-21,0.108550618429834,0
2016-03-22,0.540178747414803,0
2016-03-23,-0.028374085520935,0
2016-03-24,-0.0838843230783061,0
2016-03-25,0.0759963541833275,0
2016-03-28,0.169592854155018,0
2016-03-29,0.268243330917898,0
2016-03-30,-0.106436856078237,0
2016-03-31,0.147436215453277,0
2016-04-01,-0.41803999275857,0
2016-04-04,0.371557910260848,0
2016-04-05,-0.647709956657615,0
2016-04-06,0.354551204210904,0
2016-04-07,0.211865892626302,0
2016-04-08,0.0138708798585077,0
2016-04-11,-0.574841419139577,0
2016-04-12,0.0969373714084486,0
2016-04-13,0.124250014654754,0
2016-04-14,0.636978727225002,0
2016-04-15,-0.41469540446788,0
2016-04-18,0.208556379963653,0
2016-04-19,0.292512978478055,0
2016-04-20,0.140824708261364,0
2016-04-21,0.315378376617162,0
2016-04-22,-0.243706916361576,0
2016-04-25,-0.574906837060099,0
2016-04-26,-0.0598760327522647,0
2016-04-27,-0.142139877932033,0
2016-04-28,0.318156199514944,0
2016-04-29,-0.15775075302628,0
2016-05-02,0.457459734282195,0
2016-05-03,0.239005336742859,0
2016-05-04,-0.0264139865715981,0
2016-05-05,0.179052878208115,0
2016-05-06,0.126155305564228,0
2016-05-09,-0.236930818776084,0
2016-05-10,0.0936401478147412,0
2016-05-11,0.476533213430637,0
2016-05-12,0.443907240765476,0
2016-05-13,0.199020054240168,0
2016-05-16,-0.379219483704123,0
2016-05-17,0.780659646721679,0
2016-05-18,0.239977342109423,0
2016-05-19,-0.0223289534503962,0
2016-05-20,-0.361638731220164,0
2016-05-23,0.0382799599944835,0
2016-05-24,-0.384408198144641,0
2016-05-25,1.10201922786078,0
2016-05-26,0.452700731528606,0
2016-05-27,-0.177282070751388,0
2016-05-30,-0.200293220561547,0
2016-05-31,0.0865433431058904,0
2016-06-01,0.179359094197669,0
2016-06-02,0.239378789783539,0
2016-06-03,-0.606660112389742,0
2016-06-06,-0.323400499019648,0
2016-06-07,-0.834465071037096,0
2016-06-08,-0.210382280419062,0
2016-06-09,0.388755672248269,0
2016-06-10,-0.0785452203908917,0
2016-06-13,-0.120083059687288,0
2016-06-14,0.0340038147587909,0
2016-06-15,-0.317942255640151,0
2016-06-16,-0.564600170630585,0
2016-06-17,0.369053823747374,0
2016-06-20,-0.119505948149418,0
2016-06-21,0.289730283695324,0
2016-06-22,-0.977229413163958,0
2016-06-23,0.34504378298369,0
2016-06-24,0.0378964360720625,0
2016-06-27,0.294673096425571,0
2016-06-28,-0.37778162601515,0
2016-06-29,-0.336202221908298,0
2016-06-30,-0.186043488398666,0
2016-07-01,-0.430052224438966,0
2016-07-04,0.170381556680976,0
2016-07-05,0.0261714265660458,0
2016-07-06,-0.0998375803106562,0
2016-07-07,0.0402528315789036,0
2016-07-08,-0.147349481453669,0
2016-07-11,0.100387660150404,0
2016-07-12,-0.106875827631439,0
2016-07-13,-0.0745914171223137,0
2016-07-14,-0.165932595154745,0
2016-07-15,-0.52227192442418,0
2016-07-18,0.0559511776053154,0
2016-07-19,-0.901645727402272,0
2016-07-20,-0.273641675587965,0
2016-07-21,-0.201877117092475,0
2016-07-22,-0.0161034278758698,0
2016-07-25,-0.441212202094403,0
2016-07-26,0.461009564954308,0
2016-07-27,0.963218995459883,0
2016-07-28,-0.443292794986481,0
2016-07-29,0.505502171783866,0
2016-08-01,0.166018550517545,0
2016-08-02,0.0428653639352631,0
2016-08-03,-0.258145915499703,0
2016-08-04,0.0194395968774187,0
2016-08-05,-0.257132440509937,0
2016-08-08,0.196131499418042,0
2016-08-09,0.379562895086875,0
2016-08-10,0.353792708890957,0
2016-08-11,-0.0959180912008435,0
2016-08-12,0.230144658016017,0
2016-08-15,0.116692476695022,0
2016-08-16,-0.171223991726351,0
2016-08-17,0.126277484417953,0
2016-08-18,0.0575066804407609,0
2016-08-19,-0.000837271051011449,0
2016-08-22,0.190345104724414,0
2016-08-23,-0.0399200944635163,0
2016-08-24,0.0475034819743597,0
2016-08-25,-0.0885928215687161,0
2016-08-26,-0.420485766627591,0
2016-08-29,0.443569317524191,0
2016-08-30,0.546009633630232,0
2016-08-31,0.78606128461747,0
2016-09-01,-0.0567733667931308,0
2016-09-02,0.0135542675318595,0
2016-09-05,0.12767882118182,0
2016-09-06,-0.0690189941719617,0
2016-09-07,0.32783668366859,0
2016-09-08,-0.183131572406705,0
2016-09-09,0.207487436084752,0
2016-09-12,-0.0647628349795945,0
2016-09-13,-0.340028251166885,0
2016-09-14,-0.0477635163540141,0
2016-09-15,0.127259960902317,0
2016-09-16,0.292481188922566,0
2016-09-19,0.636691702552146,0
2016-09-20,-0.406038100846056,0
2016-09-21,-0.0482161720289117,0
2016-09-22,-0.271695065556519,0
2016-09-23,-0.570286560819994,0
2016-09-26,-0.495628975260281,0
2016-09-27,-0.789679074292425,0
2016-09-28,-0.72630587766129,0
2016-09-29,-0.537725732690324,0
2016-09-30,0.363598019107735,0
2016-10-03,0.679938615462218,0
2016-10-04,-0.047292941553487,0
2016-10-05,0.455972597065696,0
2016-10-06,0.115634313378826,0
2016-10-07,0.0153699074137039,0
2016-10-10,-0.585982650774782,0
2016-10-11,-0.113194787454779,0
2016-10-12,-0.538479628726829,0
2016-10-13,0.0947558273738372,0
2016-10-14,-0.194190122472297,0
2016-10-17,0.015882068400029,0
2016-10-18,-0.0293126297827816,0
2016-10-19,-0.37162188871921,0
2016-10-20,-0.0751143943656801,0
2016-10-21,0.190250142703454,0
2016-10-24,0.0521153140735691,0
2016-10-25,-0.337844601433237,0
2016-10-26,0.178452508333614,0
2016-10-27,0.675077811393711,0
2016-10-28,0.0220810709854223,0
2016-10-31,-0.416335049385507,0
2016-11-01,0.124384513856539,0
2016-11-02,0.150484258770558,0
2016-11-03,-1.00363669844866,0
2016-11-04,-0.431050963676581,0
2016-11-07,0.504850398483593,0
2016-11-08,-0.223693112619837,0
2016-11-09,-0.648875233863159,0
2016-11-10,0.167182664990841,0
2016-11-11,-0.386812020782586,0
2016-11-14,0.939267095600834,0
2016-11-15,-0.227989349005117,0
2016-11-16,0.503493939415733,0
2016-11-17,-0.426555417777728,0
2016-11-18,-0.105587208839252,0
2016-11-21,-0.741387146489246,0
2016-11-22,-1.03589202136988,0
2016-11-23,0.330242464854147,0
2016-11-24,0.467343498633996,0
2016-11-25,-0.191818774746407,0
2016-11-28,-0.17558439324133,0
2016-11-29,0.511566661852736,0
2016-11-30,0.303132415414746,0
2016-12-01,-0.0628358482289787,0
2016-12-02,0.324442947291729,0
2016-12-05,0.203603691750558,0
2016-12-06,0.0557979322280541,0
2016-12-07,0.861453251491572,0
2016-12-08,-0.118888279709748,0
2016-12-09,0.526332565374539,0
2016-12-12,0.388003984829203,0
2016-12-13,0.424620802529706,0
2016-12-14,0.346421610686835,0
2016-12-15,-0.0141748655948622,0
2016-12-16,0.12116001959208,0
2016-12-19,0.445857769268343,0
2016-12-20,-1.25734122794467,0
2016-12-21,0.63936654746095,0
2016-12-22,0.223683424267424,0
2016-12-23,-0.242560005675808,0
2016-12-26,-0.676030343109919,0
2016-12-27,-0.237762733396402,0
2016-12-28,-0.362143161527276,0
2016-12-29,-0.45481494221337,0
2016-12-30,-0.132523204152264,0
2017-01-02,0.545967428508487,0
2017-01-03,0.0808587475633823,0
2017-01-04,-0.256470242538733,0
2017-01-05,-0.270657209412,0
2017-01-06,0.440727243372094,0
2017-01-09,-0.0640867263494355,0
2017-01-10,0.161630180675537,0
2017-01-11,0.129830856524903,0
2017-01-12,-0.143443655288686,0
2017-01-13,0.4649396392172,0
2017-01-16,-0.117708937681499,0
2017-01-17,0.0996435618541793,0
2017-01-18,-0.783092437001691,0
2017-01-19,0.462409214519986,0
2017-01-20,0.850095174344904,0
2017-01-23,0.808730793775457,0
2017-01-24,0.219708396018663,0
2017-01-25,-0.0383892833422104,0
2017-01-26,0.137240193556251,0
2017-01-27,-0.374961964150942,0
2017-01-30,-0.549012843744847,0
2017-01-31,0.0301478018398422,0
2017-02-01,-0.213821923757247,0
2017-02-02,0.0333424628132858,0
2017-02-03,-0.40706380507861,0
2017-02-06,-0.583431335710626,0
2017-02-07,0.673650600426221,0
2017-02-08,-0.925971242064751,0
2017-02-09,0.364008778670537,0
2017-02-10,0.252106815592502,0
2017-02-13,1.37774192518658,0
2017-02-14,0.351775183942325,0
2017-02-15,0.413689105910714,0
2017-02-16,-0.190779288013033,0
2017-02-17,-0.204570167494062,0
2017-02-20,-0.0755918648677743,0
2017-02-21,0.200558434031562,0
2017-02-22,0.428732518708162,0
2017-02-23,0.00477778491383396,0
2017-02-24,-0.267888183972808,0
2017-02-27,0.0536737950678473,0
2017-02-28,0.460763961559352,0
2017-03-01,0.544081627474764,0
2017-03-02,0.384683608408377,0
2017-03-03,0.348155855487072,0
2017-03-06,0.0153350893208051,0
2017-03-07,-0.901631634289729,0
2017-03-08,0.456434667864433,0
2017-03-09,-0.276232390683428,0
2017-03-10,-0.977040356951373,0
2017-03-13,-0.448062490791931,0
2017-03-14,-0.281400635916538,0
2017-03-15,0.712383154980508,0
2017-03-16,-1.39036590030703,0
2017-03-17,-0.0982145121746571,0
2017-03-20,-1.28040961045353,0
2017-03-21,0.367207774314047,0
2017-03-22,-1.12501058800091,0
2017-03-23,-0.150519820765187,0
2017-03-24,-0.223408029920561,0
2017-03-27,-0.66511004802196,0
2017-03-28,-0.770735934112279,0
2017-03-29,0.247281030439384,0
2017-03-30,0.124041658848075,0
2017-03-31,0.372108395158152,0
2017-04-03,0.31388930851869,0
2017-04-04,0.247808620923077,0
2017-04-05,-0.841647783987526,0
2017-04-06,-0.0990853758475284,0
2017-04-07,-0.551949443354286,0
2017-04-10,-0.0880165388052314,0
2017-04-11,-0.0547016543800944,0
2017-04-12,-1.0109327846516,0
2017-04-13,-0.50882767018181,0
2017-04-14,-1.03962622828606,0
2017-04-17,-0.912647097065919,0
2017-04-18,0.231653586678979,0
2017-04-19,-0.948008154166267,0
2017-04-20,0.910973792369275,0
2017-04-21,0.0116692908280609,0
2017-04-24,-0.23131083004291,0
2017-04-25,-0.356844452597946,0
2017-04-26,0.044749348246396,0
2017-04-27,0.564862559120274,0
2017-04-28,0.212175991981888,0
2017-05-01,-0.0421108037664474,0
2017-05-02,-1.59357837488983,0
2017-05-03,0.521611416080861,0
2017-05-04,-0.773515703646526,0
2017-05-05,-0.185561657221223,0
2017-05-08,0.0660643424679206,0
2017-05-09,0.199432383217467,0
2017-05-10,-0.301817808040884,0
2017-05-11,-0.0707883152380756,0
2017-05-12,-0.22025939567875,0
2017-05-15,0.0557777648797286,0
2017-05-16,-0.0221434163978357,0
2017-05-17,-0.143614318662197,0
2017-05-18,0.198975417191732,0
2017-05-19,0.173231790598522,0
2017-05-22,-0.0344633498035747,0
2017-05-23,0.636918592853407,0
2017-05-24,-0.229165150038642,0
2017-05-25,0.610948799871,0
2017-05-26,-0.0172053970220856,0
2017-05-29,0.0983437593820171,0
2017-05-30,0.228524181575152,0
2017-05-31,0.304724526434656,0
2017-06-01,0.212654522863797,0
2017-06-02,0.0591942445697318,0
2017-06-05,-0.0150117353399026,0
2017-06-06,0.0272140381682787,0
2017-06-07,-0.560983587200491,0
2017-06-08,-0.0430195589542512,0
2017-06-09,0.0978110936389998,0
2017-06-12,-0.321090243460933,0
2017-06-13,0.0461400404163666,0
2017-06-14,1.02368688738406,0
2017-06-15,0.209435398591811,0
2017-06-16,0.140488423267088,0
2017-06-19,0.19277937097055,0
2017-06-20,0.733947030917221,0
2017-06-21,-0.420188232540892,0
2017-06-22,-0.217265250515507,0
2017-06-23,0.303211888103654,0
2017-06-26,0.751909009106051,0
2017-06-27,0.630728139935802,0
2017-06-28,0.0426266563843017,0
2017-06-29,0.0903090371635875,0
2017-06-30,0.382363955073419,0
2017-07-03,0.317987659890558,0
2017-07-04,0.0712723416083331,0
2017-07-05,0.709961862763549,0
2017-07-06,0.100189455689124,0
2017-07-07,0.653945480529828,0
2017-07-10,-0.812556262663616,0
2017-07-11,0.0988736958759248,0
2017-07-12,-0.538362427804191,0
2017-07-13,1.30932418111933,0
2017-07-14,0.0731974119706106,0
2017-07-17,0.667518645149615,0
2017-07-18,-0.998420604424542,0
2017-07-19,-0.598754165360284,0
2017-07-20,0.348238173395098,0
2017-07-21,-0.171455907887089,0
2017-07-24,0.127474774278586,0
2017-07-25,-0.45802992991889,0
2017-07-26,0.421142422586869,0
2017-07-27,-0.0948861944636509,0
2017-07-28,0.691121990990621,0
2017-07-31,-0.586094496226119,0
2017-08-01,0.0502504887332172,0
2017-08-02,0.0728757779094777,0
2017-08-03,-0.0996107234471941,0
2017-08-04,0.267624746032625,0
2017-08-07,-0.248576665289968,0
2017-08-08,1.70146452591851,0
2017-08-09,-0.201476336168855,0
2017-08-10,-0.233422078515314,0
2017-08-11,0.0162303296990181,0
2017-08-14,-0.418427557133315,0
2017-08-15,-0.441543930653222,0
2017-08-16,-0.660050608504736,0
2017-08-17,0.249762880770927,0
2017-08-18,0.383420045656086,0
2017-08-21,0.707488173016458,0
2017-08-22,3.19025883762604,0
2017-08-23,-0.346690496809049,0
2017-08-24,0.180666622694358,0
2017-08-25,1.12745971331914,0
2017-08-28,0.265590684739588,0
2017-08-29,-0.114769159479299,0
2017-08-30,0.938647151109153,0
2017-08-31,-0.18643273478508,0
2017-09-01,0.138891195093529,0
2017-09-04,1.10834913012066,0
2017-09-05,0.715570360605419,0
2017-09-06,0.268791132896384,0
2017-09-07,-0.170317827100585,0
2017-09-08,-0.391295142112747,0
2017-09-11,-0.0177783639694154,0
2017-09-12,-0.119340805844325,0
2017-09-13,0.255410604089896,0
2017-09-14,-0.0214613437949863,0
2017-09-15,-0.196641952528759,0
2017-09-18,0.97319133388087,0
2017-09-19,-0.311367814653709,0
2017-09-20,0.971819210398377,0
2017-09-21,-0.0744002562025693,0
2017-09-22,0.179151460489939,0
2017-09-25,0.502974777433787,0
2017-09-26,-0.13401874364581,0
2017-09-27,-0.321358835085248,0
2017-09-28,0.600068742040179,0
2017-09-29,0.0725924972304474,0
2017-10-02,-0.475182440885202,0
2017-10-03,-0.576601371430518,0
2017-10-04,-0.906379085972057,0
2017-10-05,-0.587964376970414,0
2017-10-06,-0.495876716966478,0
2017-10-09,-0.164760356859753,0
2017-10-10,-0.287188875456137,0
2017-10-11,-0.524983656649651,0
2017-10-12,-0.365321087122451,0
2017-10-13,-0.129365050245236,0
2017-10-16,0.459859581728927,0
2017-10-17,-0.189405032816728,0
2017-10-18,0.480455156360284,0
2017-10-19,0.878011971597763,0
2017-10-20,-0.728438700270206,0
2017-10-23,0.600757704697163,0
2017-10-24,-0.48641851101326,0
2017-10-25,-0.0417352268820204,0
2017-10-26,0.167128874270764,0
2017-10-27,-0.0337407727968449,0
2017-10-30,0.637612087055124,0
2017-10-31,0.224046253067857,0
2017-11-01,-0.367289637063014,0
2017-11-02,-0.139995672390873,0
2017-11-03,-0.190780722212976,0
2017-11-06,0.1725334900625,0
2017-11-07,-0.228856481670731,0
2017-11-08,-0.397332313727262,0
2017-11-09,0.0904085202713337,0
2017-11-10,0.253600277677988,0
2017-11-13,0.055482534108691,0
2017-11-14,0.162657613016954,0
2017-11-15,0.366602610891448,0
2017-11-16,0.594606540182185,0
2017-11-17,-0.0168352086813214,0
2017-11-20,0.151733664675143,0
2017-11-21,0.138234138198296,0
2017-11-22,0.0660889589490074,0
2017-11-23,0.193139677087328,0
2017-11-24,-0.0973041760892193,0
2017-11-27,-0.0216475475315104,0
2017-11-28,0.214593945547708,0
2017-11-29,-0.363205694653518,0
2017-11-30,-0.364131513527518,0
2017-12-01,-0.317713763345194,0
2017-12-04,0.0250462513202488,0
2017-12-05,-0.807680750381802,0
2017-12-06,0.397422205949371,0
2017-12-07,-0.054089814092638,0
2017-12-08,-0.958284549034976,0
2017-12-11,-0.394190782527332,0
2017-12-12,0.523641695822346,0
2017-12-13,0.134115435483949,0
2017-12-14,-0.034805672010206,0
2017-12-15,-0.3125751075398,0
2017-12-18,-0.751014826215703,0
2017-12-19,0.231596548237016,0
2017-12-20,-0.770709745790743,0
2017-12-21,0.0897259284563071,0
2017-12-22,-0.188976228727496,0
2017-12-25,-0.531471206539278,0
2017-12-26,-0.203873793694082,0
2017-12-27,0.0782813495461144,0
2017-12-28,-0.260197361255916,0
2017-12-29,-0.211258664035718,0
2018-01-01,0.0241520507763329,0
2018-01-02,-0.41591606173308,0
2018-01-03,-0.651843523274714,0
2018-01-04,0.154628997306628,0
2018-01-05,0.478940628826259,0
2018-01-08,-0.402759543957861,0
2018-01-09,0.538643674661453,0
2018-01-10,-0.470015218226453,0
2018-01-11,-0.671350665613939,0
2018-01-12,-0.0169565739456341,0
2018-01-15,0.239714258977141,0
2018-01-16,-0.176692591173634,0
2018-01-17,-1.18996658741043,0
2018-01-18,-0.245810038097842,0
2018-01-19,-0.821233121373171,0
2018-01-22,-0.30597081864818,0
2018-01-23,0.606533311254242,0
2018-01-24,-0.321031900623239,0
2018-01-25,-0.44232922805856,0
2018-01-26,0.266724515440455,0
2018-01-29,-0.450086771885401,0
2018-01-30,-0.211405590253612,0
2018-01-31,0.0759237766978195,0
2018-02-01,0.00859878000394321,0
2018-02-02,0.516598298789973,0
2018-02-05,-0.278739915719544,0
2018-02-06,0.194210978613433,0
2018-02-07,-0.296150236675974,0
2018-02-08,0.411156169298524,0
2018-02-09,0.0859412042216376,0
2018-02-12,0.40938385382703,0
2018-02-13,-0.135724380900752,0
2018-02-14,-0.0514123603737319,0
2018-02-15,-0.044324060437605,0
2018-02-16,0.212020564840104,0
2018-02-19,-0.187052627937034,0
2018-02-20,0.0340082393438408,0
2018-02-21,0.1130208814081,0
2018-02-22,0.52720437552168,0
2018-02-23,-0.172228339041882,0
2018-02-26,0.202120845153835,0
2018-02-27,0.0467204159915446,0
2018-02-28,0.0411695978050742,0
2018-03-01,0.639451856494994,0
2018-03-02,0.716943775380615,0
2018-03-05,-0.57707507941405,0
2018-03-06,0.547601795653824,0
2018-03-07,0.363700875698078,0
2018-03-08,0.406272965839756,0
2018-03-09,-0.107095163082779,0
2018-03-12,-0.564380671217818,0
2018-03-13,-0.274874659559196,0
2018-03-14,0.839402860368182,0
2018-03-15,-0.0232183872692374,0
2018-03-16,0.471000307171215,0
2018-03-19,-0.330301582371893,0
2018-03-20,0.124092707198577,0
2018-03-21,0.326433735600895,0
2018-03-22,-0.408109663302668,0
2018-03-23,-0.293423353729397,0
2018-03-26,-0.201577869547808,0
2018-03-27,0.280455127431712,0
2018-03-28,0.598101272638739,0
2018-03-29,-0.228126265003367,0
2018-03-30,0.787194447357689,0
2018-04-02,0.320856316361266,0
2018-04-03,0.558329618217278,0
2018-04-04,-0.406914614215873,0
2018-04-05,-0.0572606573665651,0
2018-04-06,-0.550188167668184,0
2018-04-09,-0.967192533125634,0
2018-04-10,0.439998199417871,0
2018-04-11,0.652815717296126,0
2018-04-12,-0.439935211061063,0
2018-04-13,-1.14439171245263,0
2018-04-16,-0.28535740677766,0
2018-04-17,-0.466843900285568,0
2018-04-18,-0.0954722947413337,0
2018-04-19,0.00194579855938702,0
2018-04-20,0.396743467717007,0
2018-04-23,-0.136242310482422,0
2018-04-24,-0.296876110207268,0
2018-04-25,-0.0993250731971802,0
2018-04-26,0.336280811084915,0
2018-04-27,0.122944586838751,0
2018-04-30,-1.11082930941371,0
2018-05-01,-0.544241153979676,0
2018-05-02,-0.247575055510136,0
2018-05-03,-0.293632409581248,0
2018-05-04,0.579715923279492,0
2018-05-07,-0.348248986340705,0
2018-05-08,0.0986293460161362,0
2018-05-09,-0.0244334417400459,0
2018-05-10,-0.98365298755339,0
2018-05-11,0.136787527312688,0
2018-05-14,-0.0609137054093356,0
2018-05-15,-0.0797998273257943,0
2018-05-16,0.330693000588954,0
2018-05-17,0.258304220834914,0
2018-05-18,-0.288998060377473,0
2018-05-21,-0.135903768152483,0
2018-05-22,0.717317821661061,0
2018-05-23,-0.502947449084939,0
2018-05-24,0.572405021826933,0
2018-05-25,0.0931569949254923,0
2018-05-28,-0.31620907661013,0
2018-05-29,-0.0920520402619239,0
2018-05-30,0.0592967100033916,0
2018-05-31,-0.454582497203761,0
2018-06-01,0.472035584475619,0
2018-06-04,0.058355028288417,0
2018-06-05,-0.260327337733429,0
2018-06-06,-0.00165075156050501,0
2018-06-07,-0.146618656569977,0
2018-06-08,1.04708069548,0
2018-06-11,0.125725040008227,0
2018-06-12,0.016438193893695,0
2018-06-13,-0.924332322118595,0
2018-06-14,-0.109551598872824,0
2018-06-15,0.0304017027741732,0
2018-06-18,0.12660942955583,0
2018-06-19,0.39635730831308,0
2018-06-20,0.468239135206415,0
2018-06-21,0.272001447364407,0
2018-06-22,0.164197839442533,0
2018-06-25,-0.920686632858504,0
2018-06-26,-0.750209829528411,0
2018-06-27,0.304942266765946,0
2018-06-28,-0.129964080118311,0
2018-06-29,0.543687428195453,0
2018-07-02,0.0843971573300902,0
2018-07-03,0.437321255594781,0
2018-07-04,-0.865020572007605,0
2018-07-05,-0.0194617753695631,0
2018-07-06,-0.513256912896226,0
2018-07-09,-0.137015599709885,0
2018-07-10,-0.0100606924655836,0
2018-07-11,0.179831191101707,0
2018-07-12,-0.195809227550817,0
2018-07-13,-0.573510793536285,0
2018-07-16,-0.0130268389652344,0
2018-07-17,-0.127190445556393,0
2018-07-18,-0.622001097347903,0
2018-07-19,-0.0253093647937919,0
2018-07-20,0.15741253232384,0
2018-07-23,-0.0805230029876322,0
2018-07-24,-0.419005004927061,0
2018-07-25,0.201261472988351,0
2018-07-26,-0.730206483407678,0
2018-07-27,-0.682177834460107,0
2018-07-30,0.511240726534723,0
2018-07-31,-0.655423297188212,0
2018-08-01,0.0584961184250819,0
2018-08-02,-1.01311854166975,0
2018-08-03,0.330049194614316,0
2018-08-06,-0.50145419954343,0
2018-08-07,-0.100591195638274,0
2018-08-08,-0.64115140914432,0
2018-08-09,0.139816108087056,0
2018-08-10,0.709287255797257,0
2018-08-13,0.102944215461548,0
2018-08-14,-0.394184725490136,0
2018-08-15,-0.0893362131284882,0
2018-08-16,-0.309277634313438,0
2018-08-17,0.186343675154398,0
2018-08-20,-0.274000418793021,0
2018-08-21,0.65830702066678,0
2018-08-22,-0.624092327058719,0
2018-08-23,0.0976127347971125,0
2018-08-24,0.23294992983857,0
2018-08-27,0.165473552542128,0
2018-08-28,0.260832035605604,0
2018-08-29,-0.160082398037176,0
2018-08-30,0.511960178395855,0
2018-08-31,0.211833019549122,0
2018-09-03,0.120535853560039,0
2018-09-04,0.480203643638058,0
2018-09-05,-0.717671887148444,0
2018-09-06,-0.039046713215231,0
2018-09-07,0.165964805153527,0
2018-09-10,0.137572072150985,0
2018-09-11,0.908070173322717,0
2018-09-12,0.201640601263567,0
2018-09-13,0.0685982085580514,0
2018-09-14,-0.581090637663293,0
2018-09-17,0.359875703395137,0
2018-09-18,-0.031091116633671,0
2018-09-19,0.521358041587181,0
2018-09-20,0.427046728722142,0
2018-09-21,0.410933287541702,0
2018-09-24,-0.146960867801457,0
2018-09-25,-0.0700570488751505,0
2018-09-26,-0.37237488387489,0
2018-09-27,-0.181245633954726,0
2018-09-28,0.370592320962799,0
2018-10-01,0.63490101482399,0
2018-10-02,-0.0255390583346942,0
2018-10-03,0.155421240632492,0
2018-10-04,0.0725672155651292,0
2018-10-05,0.174915487393969,0
2018-10-08,0.0455383099937995,0
2018-10-09,0.339607085011168,0
2018-10-10,-0.251075105118106,0
2018-10-11,-0.80546905356421,0
2018-10-12,-0.403823414010605,0
2018-10-15,0.494157846892066,0
2018-10-16,-0.748100687243133,0
2018-10-17,-0.137308047088009,0
2018-10-18,0.625423159340351,0
2018-10-19,-0.574792592411641,0
2018-10-22,0.0404018012974656,0
2018-10-23,0.676200701455112,0
2018-10-24,-0.754262390723294,0
2018-10-25,0.795831880930221,0
2018-10-26,-0.0602320336468459,0
2018-10-29,-0.36819757809166,0
2018-10-30,0.0614868383526913,0
2018-10-31,-1.00129759095448,0
2018-11-01,-0.219005463790895,0
2018-11-02,-0.259425205079724,0
2018-11-05,0.163785020541122,0
2018-11-06,0.251786343782983,0
2018-11-07,0.71976134528372,0
2018-11-08,-0.186223174876612,0
2018-11-09,-0.258402064711838,0
2018-11-12,-0.667747741526336,0
2018-11-13,0.994086677403127,0
2018-11-14,0.0952585681169436,0
2018-11-15,0.193522966783614,0
2018-11-16,0.838498349190468,0
2018-11-19,0.443355979498621,0
2018-11-20,0.519114880185783,0
2018-11-21,0.180723792924926,0
2018-11-22,-0.105317405620359,0
2018-11-23,0.0395454984006812,0
2018-11-26,0.464780449160568,0
2018-11-27,-0.599849054067125,0
2018-11-28,0.289219825630777,0
2018-11-29,0.5368571455286,0
2018-11-30,-0.010043873429258,0
2018-12-03,0.369348911981232,0
2018-12-04,0.0101376262016498,0
2018-12-05,0.213953968160076,0
2018-12-06,-0.024609300392136,0
2018-12-07,0.199595562866753,0
2018-12-10,-0.592606232712316,0
2018-12-11,-0.543956015337771,0
2018-12-12,-0.29137873013242,0
2018-12-13,0.191506241783131,0
2018-12-14,0.654501434350892,0
2018-12-17,0.109317227508987,0
2018-12-18,-0.067645079034227,0
2018-12-19,0.924432791317162,0
2018-12-20,0.469498177799186,0
2018-12-21,-0.0456868457115848,0
2018-12-24,-0.169687479628161,0
2018-12-25,-0.174562632088637,0
2018-12-26,0.29144390033685,0
2018-12-27,-0.204675511355426,0
2018-12-28,0.093425548569668,0
2018-12-31,0.0762796034380823,0
2019-01-01,-0.407886647966225,0
2019-01-02,0.175035653104314,0
2019-01-03,-0.272905059387894,0
2019-01-04,-0.61355553138384,0
2019-01-07,-0.781931863586863,0
2019-01-08,-0.406541919597843,0
2019-01-09,0.715304741384585,0
2019-01-10,-0.528906216463155,0
2019-01-11,-0.889828205482648,0
2019-01-14,0.327419290298302,0
2019-01-15,-0.140992572940207,0
2019-01-16,0.752637919735779,0
2019-01-17,0.529742282471688,0
2019-01-18,-0.564222234521982,0
2019-01-21,0.23107001241275,0
2019-01-22,-0.726154811641865,0
2019-01-23,-0.0117956257769921,0
2019-01-24,-0.624380830167835,0
2019-01-25,0.844228663430072,0
2019-01-28,-0.308466798773024,0
2019-01-29,0.0507970469003187,0
2019-01-30,0.579485497606963,0
2019-01-31,0.691638573926018,0
2019-02-01,0.211368887668847,0
2019-02-04,0.0434054127916111,0
2019-02-05,0.750508755449096,0
2019-02-06,-0.712850104445621,0
2019-02-07,0.0608523104992058,0
2019-02-08,-0.762266436271535,0
2019-02-11,-0.900470500726954,0
2019-02-12,-0.770015399350205,0
2019-02-13,0.598283815255515,0
2019-02-14,-0.45311061397944,0
2019-02-15,0.103366609827522,0
2019-02-18,0.7363858937564,0
2019-02-19,0.0438670468276629,0
2019-02-20,0.720071304109852,0
2019-02-21,-0.106425240219568,0
2019-02-22,-0.133205115828932,0
2019-02-25,-0.0968542059400716,0
2019-02-26,0.369597554949835,0
2019-02-27,0.149005685103752,0
2019-02-28,0.371928996684172,0
2019-03-01,0.417376351965465,0
2019-03-04,-0.35750949649024,0
2019-03-05,0.199111262570152,0
2019-03-06,-0.431877656679349,0
2019-03-07,-0.107516816672751,0
2019-03-08,-0.955964596459411,0
2019-03-11,0.298694970473789,0
2019-03-12,0.4688343171817,0
2019-03-13,-0.125544856113553,0
2019-03-14,-0.0199816540002292,0
2019-03-15,-0.448192889520945,0
2019-03-18,-0.538429334867947,0
2019-03-19,0.00012250032180512,0
2019-03-20,-0.858645028126984,0
2019-03-21,-0.129742926109049,0
2019-03-22,-0.279099453513761,0
2019-03-25,0.546247263365085,0
2019-03-26,0.365018981111134,0
2019-03-27,0.712563340986918,0
2019-03-28,-0.130198227415588,0
2019-03-29,0.168146887637491,0
2019-04-01,0.142573839112211,0
2019-04-02,0.369045756997786,0
2019-04-03,0.351357117940548,0
2019-04-04,0.540648111922174,0
2019-04-05,-0.301298861430588,0
2019-04-08,0.32843726228561,0
2019-04-09,1.09905323103688,0
2019-04-10,1.12960664350855,0
2019-04-11,0.671168007890745,0
2019-04-12,0.805446110041848,0
2019-04-15,0.946686789851085,0
2019-04-16,0.548664922653549,0
2019-04-17,0.179623950500565,0
2019-04-18,-0.381899083055913,0
2019-04-19,-0.0090058201340424,0
2019-04-22,0.34074067236043,0
2019-04-23,0.118449552595578,0
2019-04-24,-0.219159321974581,0
2019-04-25,0.553412662072675,0
2019-04-26,0.331877747368515,0
2019-04-29,-0.137370162742026,0
2019-04-30,0.0126286329956571,0
2019-05-01,-0.500429012939191,0
2019-05-02,-0.00231356294853776,0
2019-05-03,-0.0614782357259271,0
2019-05-06,0.0448685347094267,0
2019-05-07,0.0222156221546856,0
2019-05-08,-0.645323451805129,0
2019-05-09,0.29537434976372,0
2019-05-10,-0.0363684890801009,0
2019-05-13,-0.269652761027068,0
2019-05-14,1.09105700499152,0
2019-05-15,-0.78290065571221,0
2019-05-16,-0.292208290059799,0
2019-05-17,0.86076379277655,0
2019-05-20,0.825596518088875,0
2019-05-21,-0.0576720963405568,0
2019-05-22,-0.238222335086098,0
2019-05-23,-0.680069052481832,0
2019-05-24,0.0489995291018783,0
2019-05-27,-0.153152141806031,0
2019-05-28,-0.653540505334533,0
2019-05-29,-0.569868434405872,0
2019-05-30,0.631792304437143,0
2019-05-31,-0.408951416021045,0
2019-06-03,-0.103007651269832,0
2019-06-04,-0.018052985651168,0
2019-06-05,0.776160445718826,0
2019-06-06,0.12170358386311,0
2019-06-07,-0.183865049278825,0
2019-06-10,0.156187367993654,0
2019-06-11,0.309379303059237,0
2019-06-12,-0.714533554547772,0
2019-06-13,-0.241471749744202,0
2019-06-14,-0.176039969220095,0
2019-06-17,-0.68345958273157,0
2019-06-18,0.667093135813542,0
2019-06-19,0.167880194324539,0
2019-06-20,-0.393262148175539,0
2019-06-21,0.116084079205113,0
2019-06-24,0.250084522273945,0
2019-06-25,-0.29169829668208,0
2019-06-26,-0.301342015190426,0
2019-06-27,-0.307965589409015,0
2019-06-28,-0.000439411635837592,0
2019-07-01,-0.286555583291323,0
2019-07-02,0.851980332279641,0
2019-07-03,-0.230392693015209,0
2019-07-04,0.231618164277505,0
2019-07-05,0.0985671751841455,0
2019-07-08,-0.151470201374998,0
2019-07-09,0.505099798229164,0
2019-07-10,-0.718231866229237,0
2019-07-11,0.657205683100212,0
2019-07-12,0.0602072281317398,0
2019-07-15,0.0144525302742062,0
2019-07-16,-0.0310208192673628,0
2019-07-17,-0.401257381353451,0
2019-07-18,0.334593189600356,0
2019-07-19,0.488930491352684,0
2019-07-22,-0.270851290627694,0
2019-07-23,0.202070349271188,0
2019-07-24,-0.908962626576344,0
2019-07-25,-0.53324373444092,0
2019-07-26,-0.299725243717677,0
2019-07-29,-0.969656319099263,0
2019-07-30,-0.116678943483747,0
2019-07-31,0.764556654845021,0
2019-08-01,1.12481239469902,0
2019-08-02,-0.302012177770374,0
2019-08-05,-0.194429472878791,0
2019-08-06,-0.374233193039653,0
2019-08-07,0.145882496014863,0
2019-08-08,-0.351646042185084,0
2019-08-09,-0.632018843456826,0
2019-08-12,0.643450656031025,0
2019-08-13,0.0514300577155861,0
2019-08-14,0.0570646818437444,0
2019-08-15,-0.225906720938644,0
2019-08-16,-0.0637255734064722,0
2019-08-19,-0.854431675829261,0
2019-08-20,-0.556332218051568,0
2019-08-21,0.408838883510844,0
2019-08-22,0.0735522425094069,0
2019-08-23,0.0857090342650326,0
2019-08-26,0.8829056280039,0
2019-08-27,0.19616618367707,0
2019-08-28,-0.378185916587489,0
2019-08-29,-0.131434159845703,0
2019-08-30,-0.0415746086089705,0
2019-09-02,0.632162810112429,0
2019-09-03,0.135367110494487,0
2019-09-04,-0.0494524425260201,0
2019-09-05,-0.425495200132698,0
2019-09-06,-0.0354304665529744,0
2019-09-09,-0.119867327704995,0
2019-09-10,0.391328300391551,0
2019-09-11,0.515187637490651,0
2019-09-12,-0.32398296927487,0
2019-09-13,-0.401062041760237,0
2019-09-16,0.0785034563129757,0
2019-09-17,-0.0388654163592709,0
2019-09-18,0.104967245575224,0
2019-09-19,-0.0467576323718931,0
2019-09-20,-0.53800951857964,0
2019-09-23,0.329428343948596,0
2019-09-24,-0.336280530230992,0
2019-09-25,1.06040993930712,0
2019-09-26,-0.00768837640525938,0
2019-09-27,0.146290987203209,0
2019-09-30,0.260189783331347,0
2019-10-01,-0.0326187109611769,0
2019-10-02,-0.44619378509966,0
2019-10-03,-0.108275603926273,0
2019-10-04,0.0190978056077993,0
2019-10-07,-0.641571099367585,0
2019-10-08,0.249001643952071,0
2019-10-09,0.332332243354517,0
2019-10-10,0.250035784939739,0
2019-10-11,-0.389124690313187,0
2019-10-14,0.497972511944631,0
2019-10-15,0.47153572277338,0
2019-10-16,-0.0492371003864733,0
2019-10-17,-0.0910544289460318,0
2019-10-18,0.32702492835203,0
2019-10-21,0.0454035638855897,0
2019-10-22,0.154530366436321,0
2019-10-23,0.410188281315785,0
2019-10-24,-0.279493382891927,0
2019-10-25,0.282887240136006,0
2019-10-28,0.646482656157849,0
2019-10-29,-0.152509024044378,0
2019-10-30,-0.520450572942713,0
2019-10-31,0.157657530186018,0
2019-11-01,-0.323040484796278,0
2019-11-04,0.0198769411474683,0
2019-11-05,0.105725854765294,0
2019-11-06,-0.339771784104372,0
2019-11-07,-0.346755053286295,0
2019-11-08,0.542457302178613,0
2019-11-11,0.234725067695044,0
2019-11-12,0.177840870683201,0
2019-11-13,-0.589530429412436,0
2019-11-14,-0.469870744436935,0
2019-11-15,-0.281654522906954,0
2019-11-18,0.320842245860315,0
2019-11-19,0.533973520612305,0
2019-11-20,-0.339757018779676,0
2019-11-21,0.205423709253684,0
2019-11-22,0.222390818289563,0
2019-11-25,-0.0417672391329194,0
2019-11-26,-0.0789376374151283,0
2019-11-27,0.753990868779069,0
2019-11-28,-0.462322001936346,0
2019-11-29,-0.510707547643751,0
2019-12-02,-0.304554386217781,0
2019-12-03,0.0426248272051391,0
2019-12-04,0.0703297386991817,0
2019-12-05,0.0359928266357751,0
2019-12-06,0.473137476081601,0
2019-12-09,0.726509366956888,0
2019-12-10,0.003080618942631,0
2019-12-11,-0.337475277732772,0
2019-12-12,0.15278732261716,0
2019-12-13,0.521229897843782,0
2019-12-16,0.64855120076312,0
2019-12-17,-0.0882120439953868,0
2019-12-18,0.562148212716269,0
2019-12-19,-0.0479288856305274,0
2019-12-20,-0.404149953666346,0
2019-12-23,-0.118521235321494,0
2019-12-24,-0.425304666397104,0
2019-12-25,-0.701017152302844,0
2019-12-26,0.859946471006083,0
2019-12-27,0.210027873000576,0
2019-12-30,0.0727847203136884,0
2019-12-31,-0.507717108445141,0
2020-01-01,-0.0126927061826757,0
2020-01-02,-0.319345728343705,0
2020-01-03,0.491240271421141,0
2020-01-06,0.0356407242871553,0
2020-01-07,0.176191299975892,0
2020-01-08,0.346907498838502,0
2020-01-09,-0.023650094505186,0
2020-01-10,0.901917853724572,0
2020-01-13,-0.229938042241437,0
2020-01-14,0.161091183796831,0
2020-01-15,-0.612556051008506,0
2020-01-16,0.0784632614461322,0
2020-01-17,0.176493972675439,0
2020-01-20,-0.344873788971252,0
2020-01-21,-0.255065106955466,0
2020-01-22,1.64547403577257,0
2020-01-23,0.476830862431258,0
2020-01-24,0.783539946498249,0
2020-01-27,0.228837756777795,0
2020-01-28,0.370708674240905,0
2020-01-29,0.228567909399517,0
2020-01-30,0.339524897504356,0
2020-01-31,-0.285274472091908,0
2020-02-03,-0.459945458641532,0
2020-02-04,0.437870164469731,0
2020-02-05,-0.491468986889787,0
2020-02-06,-0.256888858372753,0
2020-02-07,0.619515180375262,0
2020-02-10,0.453153513981693,0
2020-02-11,-0.403571915653613,0
2020-02-12,-0.123160543966079,0
2020-02-13,0.141918567411998,0
2020-02-14,-0.990102817605078,0
2020-02-17,-0.223371400619318,0
2020-02-18,0.32659215729799,0
2020-02-19,-0.633071497483971,0
2020-02-20,0.0818185449382291,0
2020-02-21,-0.127382537640681,0
2020-02-24,0.310874504131069,0
2020-02-25,0.0456976323864993,0
2020-02-26,-0.122550378427973,0
2020-02-27,-0.265601774723218,0
2020-02-28,-0.104029927025796,0
2020-03-02,0.202497539296499,0
2020-03-03,0.409605975685586,0
2020-03-04,-0.148284531488958,0
2020-03-05,-0.876962488898173,0
2020-03-06,1.33114906201756,0
2020-03-09,0.475394471100684,0
2020-03-10,-0.394282257332751,0
2020-03-11,0.0990182091913149,0
2020-03-12,0.305892752148399,0
2020-03-13,-0.0730714725270959,0
2020-03-16,-0.123706400503234,0
2020-03-17,-0.286339325207565,0
2020-03-18,0.428648328832795,0
2020-03-19,0.414548084351773,0
2020-03-20,0.181604937326243,0
2020-03-23,-0.117439809024504,0
2020-03-24,0.299908609590938,0
2020-03-25,-0.574671452330378,0
2020-03-26,0.327032381464621,0
2020-03-27,0.00902922635545136,0
2020-03-30,-0.0907638269068455,0
2020-03-31,-0.533559697641959,0
2020-04-01,0.226756215565961,0
2020-04-02,0.0321800517833682,0
2020-04-03,-0.232631736933972,0
2020-04-06,-0.293552945142025,0
2020-04-07,0.245147841121509,0
2020-04-08,0.00584173133658149,0
2020-04-09,0.109817559024882,0
2020-04-10,0.226882794773074,0
2020-04-13,0.405156399336186,0
2020-04-14,-0.524936991560409,0
2020-04-15,0.149944513745016,0
2020-04-16,-0.0512255274742382,0
2020-04-17,-0.235024954107238,0
2020-04-20,0.305611342866787,0
2020-04-21,0.160097325786857,0
2020-04-22,0.136456893618906,0
2020-04-23,-0.0963489654433004,0
2020-04-24,-0.0324431200014899,0
2020-04-27,0.145089080981482,0
2020-04-28,-0.0183244480407069,0
2020-04-29,-0.226953352982767,0
2020-04-30,1.16783215284291,0
2020-05-01,-0.0231798504226873,0
2020-05-04,-0.236492071133391,0
2020-05-05,0.321696571169732,0
2020-05-06,0.414039426771067,0
2020-05-07,-0.176396684559839,0
2020-05-08,-0.284353972562868,0
2020-05-11,-0.922507294958865,0
2020-05-12,-0.102638960670276,0
2020-05-13,-0.0226230192110043,0
2020-05-14,0.261761396693029,0
2020-05-15,0.979263501243291,0
2020-05-18,0.111648999771483,0
2020-05-19,-0.0407605321796857,0
2020-05-20,0.143395808453211,0
2020-05-21,-0.00929598691413804,0
2020-05-22,0.163279415749266,0
2020-05-25,-0.186824272269234,0
2020-05-26,0.126646362483354,0
2020-05-27,-0.596448875770507,0
2020-05-28,-0.0934169514632264,0
2020-05-29,0.162529891457334,0
2020-06-01,-0.594541867114725,0
2020-06-02,0.364406809887377,0
2020-06-03,-0.316684911317799,0
2020-06-04,-0.0784531750893151,0
2020-06-05,-0.096596042238956,0
2020-06-08,0.00715925308068194,0
2020-06-09,-0.64939735286712,0
2020-06-10,-0.028168943236572,0
2020-06-11,0.337542087281671,0
2020-06-12,-0.602912038966491,0
2020-06-15,0.441125968653755,0
2020-06-16,0.120643857995648,0
2020-06-17,-0.054924150811317,0
2020-06-18,0.167750843248439,0
2020-06-19,-0.588694816157403,0
2020-06-22,0.112073751842219,0
2020-06-23,0.177825228260235,0
2020-06-24,-0.60309445661163,0
2020-06-25,-0.218708374193258,0
2020-06-26,0.210509440057081,0
2020-06-29,-0.0599623481202941,0
2020-06-30,0.21436586227078,0
2020-07-01,0.655198904028727,0
2020-07-02,0.0576566357437807,0
2020-07-03,0.680094212157732,0
2020-07-06,-0.134429327628658,0
2020-07-07,-0.664414989229144,0
2020-07-08,0.218459424132555,1
2020-07-09,-0.548931705793732,1
2020-07-10,-0.117006683401011,1
2020-07-13,0.605374425022568,1
2020-07-14,-1.06263524350886,1
2020-07-15,1.07668410730599,1
2020-07-16,0.668938906076917,1
2020-07-17,-0.0173408189253676,1
2020-07-20,-0.29012836523461,1
2020-07-21,-0.535143687764511,1
2020-07-22,1.48748160940125,1
2020-07-23,-0.15838020122699,1
2020-07-24,0.115792948329258,1
2020-07-27,-1.71357521207431,1
2020-07-28,0.366057244208602,1
2020-07-29,-0.838191981328494,1
2020-07-30,-0.510130053416834,1
2020-07-31,-0.67653420647556,1
2020-08-03,0.655502035883195,1
2020-08-04,-0.791983387718054,1
2020-08-05,-0.956149940898067,1
2020-08-06,0.698324861501056,1
2020-08-07,-0.426500860347022,1
2020-08-10,1.61148105493563,1
2020-08-11,-0.615550571623636,1
2020-08-12,0.183874563547731,1
2020-08-13,-1.49236564891981,1
2020-08-14,-1.76210165795755,1
2020-08-17,-0.306152566669105,1
2020-08-18,1.32263719217516,1
2020-08-19,0.239072386999238,1
2020-08-20,-0.286548709412267,1
2020-08-21,0.509204725117997,1
2020-08-24,0.0332146826767882,1
2020-08-25,0.621058088024453,1
2020-08-26,0.584030458391652,1
2020-08-27,-0.295107897556403,1
2020-08-28,0.368576409805302,1
2020-08-31,-0.138141783981144,1
2020-09-01,0.0218939580526875,1
2020-09-02,0.0493382667633436,1
2020-09-03,-0.193517711614892,1
2020-09-04,0.981460455117042,1
2020-09-07,-0.12335782325413,1
2020-09-08,-1.03925661470152,1
2020-09-09,0.0998063726159103,1
2020-09-10,1.5627992872317,1
2020-09-11,-2.62937214155164,1
2020-09-14,-0.041916095073536,1
2020-09-15,-0.685444940583542,1
2020-09-16,-0.384476455163172,1
2020-09-17,0.1525374373423,1
2020-09-18,1.39789197486895,1
2020-09-21,0.483798478437123,1
2020-09-22,-0.433921785801699,1
2020-09-23,0.76276864805404,1
2020-09-24,0.147138844631775,1
2020-09-25,0.276495184041724,1
2020-09-28,-0.222549644965801,1
2020-09-29,-1.20623737626491,1
2020-09-30,-0.1500070475285,1
2020-10-01,-0.728258525028727,1
2020-10-02,0.0317316803701561,1
2020-10-05,-0.465282222958376,1
2020-10-06,-1.15886485979279,1
2020-10-07,1.86451194413854,1
2020-10-08,-0.683602790903955,1
2020-10-09,-0.678878222867012,1
2020-10-12,-1.32244897628947,1
2020-10-13,-1.32293202059051,1
2020-10-14,0.978900305778165,1
2020-10-15,0.235377116766512,1
2020-10-16,0.424362370836961,1
2020-10-19,0.125137402219641,1
2020-10-20,0.255231364445035,1
2020-10-21,0.470209992884607,1
2020-10-22,0.195966134982184,1
2020-10-23,-0.0753200914622324,1
2020-10-26,-0.285789650713886,1
2020-10-27,-0.0909143807778912,1
2020-10-28,0.544206017891543,1
2020-10-29,-0.436029143989886,1
2020-10-30,1.27583376629437,1
2020-11-02,0.152643116098702,1
2020-11-03,-0.408409963532821,1
2020-11-04,0.258893886497438,1
2020-11-05,-1.00232850624335,1
2020-11-06,0.000367408061344414,1
2020-11-09,-0.623432477387263,1
2020-11-10,1.11480933033808,1
2020-11-11,0.781034871866032,1
2020-11-12,0.216861715447454,1
2020-11-13,0.106636473382652,1
2020-11-16,0.310284018405416,1
2020-11-17,-0.281854987056604,1
2020-11-18,-1.073109467184,1
2020-11-19,0.390704403146498,1
2020-11-20,0.44225013171037,1
2020-11-23,1.17930950111272,1
2020-11-24,-0.455192624557772,1
2020-11-25,1.01796025915012,1
2020-11-26,-1.7040585217774,1
2020-11-27,-0.976031981768153,1
2020-11-30,-1.1821178111427,1
2020-12-01,-1.61702882656667,1
2020-12-02,-0.309855339814819,1
2020-12-03,0.251876409236896,1
2020-12-04,-0.05619364420853,1
2020-12-07,0.890066597832014,1
2020-12-08,-0.716694722344323,1
2020-12-09,-0.238534324322962,1
2020-12-10,0.125200725441763,1
2020-12-11,0.394084042231038,1
2020-12-14,0.195110165588738,1
2020-12-15,1.02615011747465,1
2020-12-16,-1.63803796607587,1
2020-12-17,0.312626722249586,1
2020-12-18,-0.641896044436932,1
2020-12-21,0.0118518544473607,1
2020-12-22,0.218329461047413,1
2020-12-23,-0.472485115170272,1
2020-12-24,-1.50521559632813,1
2020-12-25,-0.939586450018231,1
2020-12-28,0.844825545130189,1
2020-12-29,0.245463339198269,1
2020-12-30,1.03043083949885,1
2020-12-31,-0.424419099163724,1
2021-01-01,0.525282381075006,1
2021-01-04,-0.935329780408363,1
2021-01-05,-0.248935394788549,1
2021-01-06,0.306997016195712,1
2021-01-07,-0.373075439496653,1
2021-01-08,0.11579162233298,1
2021-01-11,0.256760078294088,1
2021-01-12,-0.385038164034468,1
2021-01-13,0.452360706455452,1
2021-01-14,-0.0215059883029689,1
2021-01-15,-0.257151727545282,1
2021-01-18,-0.185837020065795,1
2021-01-19,0.992721634373116,1
2021-01-20,0.361139824225845,1
2021-01-21,0.64829886877586,1
2021-01-22,-0.56175088890691,1
2021-01-25,-0.151749565721339,1
2021-01-26,-0.747737696724528,1
2021-01-27,0.173385186485587,1
2021-01-28,0.641375912500111,1
2021-01-29,-0.503539388275384,1
2021-02-01,0.631760009050611,1
2021-02-02,0.191239862428056,1
2021-02-03,0.345022418447692,1
2021-02-04,-0.225013340889322,1
2021-02-05,-0.158899791676089,1
2021-02-08,0.459021754837045,1
2021-02-09,-0.501978625105565,1
2021-02-10,0.92190857682969,1
2021-02-11,-0.146100541019998,1
2021-02-12,0.157949494979,1
2021-02-15,1.21517904476526,1
2021-02-16,-0.0131650280773159,1
2021-02-17,-1.16189361267187,1
2021-02-18,0.740541182080597,1
2021-02-19,1.24143894303868,1
2021-02-22,0.472501589601908,1
2021-02-23,0.569612219170608,1
2021-02-24,0.153573635380182,1
2021-02-25,0.270079504198051,1
2021-02-26,0.466744038244822,1
2021-03-01,0.116735964302601,1
2021-03-02,0.659421950919913,1
2021-03-03,-0.128529268879045,1
2021-03-04,0.354840279967907,1
2021-03-05,0.175974173058865,1
2021-03-08,-1.19972906186272,1
2021-03-09,-1.31214842058659,1
2021-03-10,-0.396018422216211,1
2021-03-11,-0.403511867240263,1
2021-03-12,-1.47693980139266,1
2021-03-15,0.570961127750955,1
2021-03-16,-0.0257666567428598,1
2021-03-17,1.37291489240951,1
2021-03-18,-1.31031942990535,1
2021-03-19,-0.502160079947133,1
2021-03-22,1.19727830201541,1
2021-03-23,-0.0822139909887945,1
2021-03-24,0.54445066185902,1
2021-03-25,-0.454159826906383,1
2021-03-26,-0.928752352950307,1
2021-03-29,-0.928999679469598,1
2021-03-30,-0.051494251099587,1
2021-03-31,0.47951333290782,1
2021-04-01,-0.1013807150881,1
2021-04-02,1.69148709526674,1
2021-04-05,-0.879326685906399,1
2021-04-06,-0.760893355814801,1
2021-04-07,-1.13724565200686,1
2021-04-08,0.24085248632303,1
2021-04-09,-0.183362152394058,1
2021-04-12,0.285873086997435,1
2021-04-13,-0.0499435155737208,1
2021-04-14,0.0986041708338628,1
2021-04-15,-0.0139332779121272,1
2021-04-16,0.429100721954394,1
2021-04-19,-1.97432789647377,1
2021-04-20,0.703067496058535,1
2021-04-21,-0.0317877509135265,1
2021-04-22,-0.0603663958646315,1
2021-04-23,-0.709121464437676,1
2021-04-26,-1.18436106998443,1
2021-04-27,-0.304584362902816,1
2021-04-28,-0.825395249539606,1
2021-04-29,0.00156648776736123,1
2021-04-30,0.379972752386379,1
2021-05-03,-0.722044155847104,1
2021-05-04,-1.14112020895748,1
2021-05-05,0.16479467984491,1
2021-05-06,0.110926892272707,1
2021-05-07,-0.220191910648337,1
2021-05-10,0.0432725282165617,1
2021-05-11,0.347776415156566,1
2021-05-12,0.71906333166211,1
2021-05-13,-0.989605870413608,1
2021-05-14,1.57226654802367,1
2021-05-17,-0.423166208184464,1
2021-05-18,-1.06000666467732,1
2021-05-19,0.196848911590189,1
2021-05-20,-0.198516194591924,1
2021-05-21,-0.114876111773037,1
2021-05-24,0.099994950142555,1
2021-05-25,0.728398054561722,1
2021-05-26,0.296390600766417,1
2021-05-27,0.0620750971599328,1
2021-05-28,0.5051583520538,1
2021-05-31,0.1549421724969,1
2021-06-01,-0.505298288189,1
2021-06-02,-0.0721180857546478,1
2021-06-03,-0.0996110287280401,1
2021-06-04,0.5481891536199,1
2021-06-07,0.518714365387259,1
2021-06-08,0.991817593089362,1
2021-06-09,0.153207958838856,1
2021-06-10,-0.570999162696109,1
2021-06-11,-0.133511873836362,1
2021-06-14,0.433001603907702,1
2021-06-15,-0.0405462940401313,1
2021-06-16,0.303134757279729,1
2021-06-17,0.14891687304472,1
2021-06-18,0.0239483918453295,1
2021-06-21,-0.332184082019816,1
2021-06-22,-1.53637124363115,1
2021-06-23,0.238695566474838,1
2021-06-24,-0.581279378238751,1
2021-06-25,0.502874107244927,1
2021-06-28,0.243717134195488,1
2021-06-29,1.52573825864921,1
2021-06-30,-0.85570828788676,1
2021-07-01,0.494229470737206,1
2021-07-02,-0.502469004307203,1
2021-07-05,-0.393487169505562,1
2021-07-06,-0.580289732904907,1
2021-07-07,0.072729448490823,1
2021-07-08,0.587575936127706,1
2021-07-09,-1.8339119202898,1
2021-07-12,-0.962937722445864,1
2021-07-13,-0.324047879365904,1
2021-07-14,0.411531008433304,1
2021-07-15,-0.314328352636695,1
2021-07-16,-0.218722432322995,1
2021-07-19,-0.00580886607847375,1
2021-07-20,-1.15471023315666,1
2021-07-21,0.071238889287298,1
2021-07-22,-0.834146023515758,1
2021-07-23,0.699877983163665,1
2021-07-26,-1.1800124146416,1
2021-07-27,0.0667300461082046,1
2021-07-28,1.0760196628744,1
2021-07-29,1.04455357354988,1
2021-07-30,-1.51478467308681,1
2021-08-02,0.100947903309465,1
2021-08-03,0.590360919386245,1
2021-08-04,0.980778507160098,1
2021-08-05,-0.769620344592547,1
2021-08-06,0.603107186523306,1
2021-08-09,-0.702390994169205,1
2021-08-10,-0.695403753001613,1
2021-08-11,-0.694983385808507,1
2021-08-12,-0.0592256903913093,1
2021-08-13,0.380720273685404,1
2021-08-16,-1.06780484056394,1
2021-08-17,-0.452680304088515,1
2021-08-18,-0.852969293711135,1
2021-08-19,-0.652014308626147,1
2021-08-20,-0.489439959173852,1
2021-08-23,0.14747664023282,1
2021-08-24,-0.0101387871059073,1
2021-08-25,0.157365107210353,1
2021-08-26,0.659441566870862,1
2021-08-27,-0.67050839459876,1
2021-08-30,0.81460845307024,1
2021-08-31,-0.182578481794709,1
2021-09-01,-0.375558560509907,1
2021-09-02,-0.571884924859449,1
2021-09-03,-0.236122472789757,1
2021-09-06,0.726135676618474,1
2021-09-07,-0.572617468857069,1
2021-09-08,-1.92176749904208,1
2021-09-09,0.181962470280415,1
2021-09-10,-0.977796478780649,1
2021-09-13,-0.337735320875228,1
2021-09-14,-0.0412620079071917,1
2021-09-15,-0.697312774838672,1
2021-09-16,0.488648799639467,1
2021-09-17,-0.478509381140616,1
2021-09-20,0.480703617160447,1
2021-09-21,-0.882259623606071,1
2021-09-22,0.492856434070969,1
2021-09-23,-0.572204765221191,1
2021-09-24,-0.0447410360965141,1
2021-09-27,-0.461739345640139,1
2021-09-28,-0.322569683694813,1
2021-09-29,0.0219797981301192,1
2021-09-30,-0.308441198624764,1
2021-10-01,0.0935722419524226,1
2021-10-04,0.247018283276486,1
2021-10-05,-0.992484169709439,1
2021-10-06,-0.892381098704714,1
2021-10-07,-0.373265864028711,1
2021-10-08,-1.5502024720678,1
2021-10-11,-0.594370834261638,1
2021-10-12,0.227333905354999,1
2021-10-13,0.467806540883164,1
2021-10-14,0.0326980535479296,1
2021-10-15,-0.203255465459532,1
2021-10-18,-0.823158424962005,1
2021-10-19,-0.574978660391721,1
2021-10-20,1.1680579524539,1
2021-10-21,0.263677178251053,1
2021-10-22,-0.603387155818589,1
2021-10-25,-1.34823983703135,1
2021-10-26,1.29989657169649,1
2021-10-27,-0.626309532878233,1
2021-10-28,-0.0336668708314072,1
2021-10-29,-0.137565741152959,1
2021-11-01,-0.766268235955986,1
2021-11-02,0.141201009527536,1
2021-11-03,-0.064948620426098,1
2021-11-04,0.430690615365034,1
2021-11-05,0.975209781988598,1
2021-11-08,-0.439758690542138,1
2021-11-09,-0.717077362286915,1
2021-11-10,0.996631808185785,1
2021-11-11,-0.263189537305495,1
2021-11-12,-1.2324582424147,1
2021-11-15,-0.0519208455295296,1
2021-11-16,0.180767275632067,1
2021-11-17,1.48926296749264,1
2021-11-18,-0.128417608849123,1
2021-11-19,-0.390183283803249,1
2021-11-22,-1.13486103778924,1
2021-11-23,-0.457039332092327,1
2021-11-24,-0.0856590034547863,1
2021-11-25,0.266845432797328,1
2021-11-26,0.652219053609664,1
2021-11-29,-0.61605100810108,1
2021-11-30,-1.01915324317925,1
2021-12-01,1.31761559603457,1
2021-12-02,-1.52693513637027,1
2021-12-03,0.412843891275784,1
2021-12-06,0.330942887981493,1
2021-12-07,1.20769795074415,1
2021-12-08,-0.00681535034810012,1
2021-12-09,0.517262703184719,1
2021-12-10,0.341314437720594,1
2021-12-13,-0.183865808363633,1
2021-12-14,-1.08565506402041,1
2021-12-15,1.25866955856684,1
2021-12-16,-0.393133080891413,1
2021-12-17,-0.166197678496742,1
2021-12-20,0.130401372059478,1
2021-12-21,0.486918519064418,1
2021-12-22,-0.329923852837995,1
2021-12-23,0.607707489447467,1
2021-12-24,-0.656571647698993,1
2021-12-27,0.467826309127819,1
2021-12-28,1.4211046105422,1
2021-12-29,-0.347591688289409,1
2021-12-30,-0.774524891817131,1
2021-12-31,0.198414047387963,1
2022-01-03,0.105286810363887,1
2022-01-04,0.288321828012259,1
2022-01-05,-1.1302158057692,1
2022-01-06,1.32678265246629,1
2022-01-07,0.663669343363675,1
2022-01-10,-2.3195587424245,1
2022-01-11,-0.57925603692738,1
2022-01-12,0.590718939974281,1
2022-01-13,0.899845692979779,1
2022-01-14,1.06998106312629,1
2022-01-17,1.03654266174221,1
2022-01-18,-1.04176658305115,1
2022-01-19,0.406474290016368,1
2022-01-20,0.288302410934092,1
2022-01-21,0.450962896673056,1
2022-01-24,-0.466602259007287,1
2022-01-25,-0.605241741393298,1
2022-01-26,-0.753473541369321,1
2022-01-27,0.322623373532849,1
2022-01-28,0.0495626555202892,1
2022-01-31,0.195369554150437,1
2022-02-01,-0.41024542991858,1
2022-02-02,1.01458690035746,1
2022-02-03,-1.1431211661768,1
2022-02-04,0.661192283166727,1
2022-02-07,0.862367218165812,1
2022-02-08,0.400788664549937,1
2022-02-09,0.488145814085371,1
2022-02-10,0.785800231339397,1
2022-02-11,0.134285158372096,1
2022-02-14,-0.316333400310671,1
2022-02-15,0.599135559168538,1
2022-02-16,-0.0777871800139208,1
2022-02-17,0.331533178915269,1
2022-02-18,1.67571405800467,1
2022-02-21,0.0425556834201731,1
2022-02-22,-1.24202038506514,1
2022-02-23,-1.05586573065606,1
2022-02-24,-0.464724822716073,1
2022-02-25,-0.263150069528221,1
2022-02-28,-1.08175973974705,1
2022-03-01,0.101493335373308,1
2022-03-02,0.95968426472505,1
2022-03-03,-0.203916291795655,1
2022-03-04,1.64155617369209,1
2022-03-07,-0.680234070004344,1
2022-03-08,-0.641617983729096,1
2022-03-09,-0.148199512311228,1
2022-03-10,-0.381885709511197,1
2022-03-11,0.13716715399522,1
2022-03-14,-0.456178184681642,1
2022-03-15,0.507690414811179,1
2022-03-16,-1.90773668961661,1
2022-03-17,-0.452470112217834,1
2022-03-18,0.179543597738252,1
2022-03-21,0.522843899381577,1
2022-03-22,-0.173189696157139,1
2022-03-23,0.205604727471896,1
2022-03-24,0.403016466862788,1
2022-03-25,-0.563569453503852,1
2022-03-28,-1.17194593301869,1
2022-03-29,-1.22988629387016,1
2022-03-30,0.972036283009916,1
2022-03-31,-1.85768773087972,1
2022-04-01,1.58795698972411,1
2022-04-04,-0.440501173294347,1
2022-04-05,0.156233670074517,1
2022-04-06,1.17169608538086,1
2022-04-07,-0.112502825649246,1
2022-04-08,-1.07698756529465,1
2022-04-11,2.15027579673741,1
2022-04-12,-0.928569522657898,1
2022-04-13,-1.6755374888811,1
2022-04-14,0.668260391045299,1
2022-04-15,1.23234643382209,1
2022-04-18,-0.607953411149181,1
2022-04-19,-0.493491256391403,1
2022-04-20,-0.168051608751164,1
2022-04-21,-0.267712328652421,1
2022-04-22,0.686781018087461,1
2022-04-25,0.0654260004539793,1
2022-04-26,0.970152364552259,1
2022-04-27,1.11692455613949,1
2022-04-28,-0.0717703141045092,1
2022-04-29,-1.66073911661543,1
2022-05-02,0.120736344927585,1
2022-05-03,0.712824558205638,1
2022-05-04,0.355876176893579,1
2022-05-05,1.04138481170815,1
2022-05-06,-0.158331571862638,1
2022-05-09,-1.58851486906869,1
2022-05-10,-0.00326681061286769,1
2022-05-11,0.674086640567101,1
2022-05-12,0.204609343506923,1
2022-05-13,0.52689190503975,1
2022-05-16,-0.0651334088075718,1
2022-05-17,0.020144044933429,1
2022-05-18,-0.257876380524878,1
2022-05-19,0.158581068783291,1
2022-05-20,-0.753593476790179,1
2022-05-23,0.370729907562469,1
2022-05-24,-0.80660318554579,1
2022-05-25,-0.0809753864739831,1
2022-05-26,0.633174778665869,1
2022-05-27,-0.128755371412701,1
2022-05-30,1.08569708923366,1
2022-05-31,-0.85226169366789,1
2022-06-01,-0.362908282431532,1
2022-06-02,-0.820624901739378,1
2022-06-03,0.195132791535594,1
2022-06-06,-1.25820497987228,1
2022-06-07,-0.165008595043914,1
2022-06-08,0.1332103713582,1
2022-06-09,-0.128559482579513,1
2022-06-10,-0.653468051850426,1
2022-06-13,0.0641890984464177,1
2022-06-14,1.68860066877984,1
2022-06-15,0.494197118214195,1
2022-06-16,0.549681289968599,1
2022-06-17,1.01041439511888,1
2022-06-20,-0.660287885101845,1
2022-06-21,-0.312249980452566,1
2022-06-22,0.417830495873932,1
2022-06-23,-0.621552649159794,1
2022-06-24,-0.0463874709242345,1
2022-06-27,-0.202276087228557,1
2022-06-28,-0.710990735581585,1
2022-06-29,0.000325228294920295,1
2022-06-30,-0.52799503070787,1
2022-07-01,0.89244512909574,1
2022-07-04,1.09891150738571,1
2022-07-05,0.789730451398429,1
2022-07-06,1.02321414790781,1
2022-07-07,-0.617936942509005,1
2022-07-08,-1.38553389578451,1
2022-07-11,0.161976450576983,1
2022-07-12,-0.924670631383041,1
2022-07-13,0.535356657751895,1
2022-07-14,-0.400218811629989,1
2022-07-15,1.26526136844927,1
2022-07-18,-0.394053055113473,1
2022-07-19,-0.293413803342786,1
2022-07-20,0.312222062073339,1
2022-07-21,0.978909769015065,1
2022-07-22,0.300635980816817,1
2022-07-25,-1.38508434832143,1
2022-07-26,-1.43931342584354,1
2022-07-27,-0.358411894732686,1
2022-07-28,0.383455759158959,1
2022-07-29,-0.103289145020236,1
2022-08-01,1.1327392366047,1
2022-08-02,0.29180929438727,1
2022-08-03,-0.21909162037661,1
2022-08-04,0.104477135825511,1
2022-08-05,-0.234029059941758,1
2022-08-08,-0.524691206311337,1
2022-08-09,-0.0365092662127452,1
2022-08-10,0.473869577349787,1
2022-08-11,0.28690955294571,1
2022-08-12,-0.0179239539182237,1
2022-08-15,-0.455824321829854,1
2022-08-16,-0.297763791282342,1
2022-08-17,0.786366820503231,1
2022-08-18,-0.753727346318647,1
2022-08-19,0.466628480303029,1
2022-08-22,0.513261599013627,1
2022-08-23,0.158725406140952,1
2022-08-24,-1.32701775761955,1
2022-08-25,0.769567541038792,1
2022-08-26,1.12282441058402,1
2022-08-29,-0.0674953561588376,1
2022-08-30,0.463215334800449,1
2022-08-31,0.295336976466318,1
2022-09-01,0.0435748706772569,1
2022-09-02,0.0366107239074021,1
2022-09-05,-1.29475021130702,1
2022-09-06,-0.816302320651305,1
2022-09-07,-0.772457262267968,1
2022-09-08,0.236710036728445,1
2022-09-09,0.522492906875746,1
2022-09-12,0.171981113662381,1
2022-09-13,0.888463048265642,1
2022-09-14,-0.574104664374942,1
2022-09-15,-0.290421101512877,1
2022-09-16,0.208006473886104,1
2022-09-19,-0.803011537695649,1
2022-09-20,1.45669719860409,1
2022-09-21,0.284130918844865,1
2022-09-22,0.715313416855472,1
2022-09-23,0.343695693666452,1
2022-09-26,0.200575134467346,1
2022-09-27,0.221392454408505,1
2022-09-28,0.258082365533132,1
2022-09-29,-0.0585772990541863,1
2022-09-30,0.209856318136782,1
2022-10-03,1.41450171804086,1
2022-10-04,-0.116852025990543,1
2022-10-05,0.310917306117993,1
2022-10-06,-1.30477043534971,1
2022-10-07,0.268452069271655,1
2022-10-10,0.187872620844143,1
2022-10-11,-0.189217226825299,1
2022-10-12,0.0279329510452118,1
2022-10-13,-0.677695272630891,1
2022-10-14,1.00907310121457,1
2022-10-17,-0.461555455660571,1
2022-10-18,-0.184069985461749,1
2022-10-19,-0.936219022186424,1
2022-10-20,-0.370084313960704,1
2022-10-21,0.155535981916706,1
2022-10-24,-0.417733329206279,1
2022-10-25,-0.712514712406611,1
2022-10-26,0.533528158489305,1
2022-10-27,2.81644782679553,1
2022-10-28,-0.823538383049917,1
2022-10-31,-0.160649295646867,1
2022-11-01,0.0160994739481611,1
2022-11-02,-0.461504998101262,1
2022-11-03,-0.469128097870717,1
2022-11-04,0.164658548917526,1
2022-11-07,0.439850934226678,1
2022-11-08,-0.20888505020782,1
2022-11-09,-0.950524508718019,1
2022-11-10,-0.263475992974784,1
2022-11-11,-0.138110242904339,1
2022-11-14,-0.343642130776889,1
2022-11-15,-0.139460658371666,1
2022-11-16,-0.0242723478573633,1
2022-11-17,-0.718073209749583,1
2022-11-18,-0.028478285946226,1
2022-11-21,-0.133252908149381,1
2022-11-22,0.198984346689723,1
2022-11-23,0.512944738276376,1
2022-11-24,0.645168706438226,1
2022-11-25,0.333166510725803,1
2022-11-28,0.19873844559038,1
2022-11-29,-0.235562687356924,1
2022-11-30,0.0631475390503097,1
2022-12-01,-0.736543704992877,1
2022-12-02,0.252462348238946,1
2022-12-05,1.23588392006417,1
2022-12-06,1.37599232373672,1
2022-12-07,0.67790355981473,1
2022-12-08,-0.502689291576464,1
2022-12-09,-0.979301017871422,1
2022-12-12,-0.708644187009474,1
2022-12-13,-0.0926020944336792,1
2022-12-14,-0.0731658229965215,1
2022-12-15,-0.120073442767256,1
2022-12-16,1.07905831095004,1
2022-12-19,0.511045954471858,1
2022-12-20,1.26737243697606,1
2022-12-21,-0.523857933515246,1
2022-12-22,-0.242567698879232,1
2022-12-23,-0.170958476046579,1
2022-12-26,1.953706790706,1
2022-12-27,0.624275531753597,1
2022-12-28,0.516954508134147,1
2022-12-29,0.342975821481077,1
2022-12-30,0.262810643278193,1
2023-01-02,-0.384100779134098,1
2023-01-03,0.871120469243854,1
2023-01-04,-0.677240586137109,1
2023-01-05,0.0463231018557429,1
2023-01-06,0.62233112737508,1
2023-01-09,0.263077748546581,1
2023-01-10,-1.01249000820274,1
2023-01-11,-0.808899768803111,1
2023-01-12,0.757159210550403,1
2023-01-13,-0.184269897882346,1
2023-01-16,-0.0581424581495025,1
2023-01-17,-0.124225966034877,1
2023-01-18,-1.5028537089871,1
2023-01-19,0.454091632425839,1
2023-01-20,1.29385130763373,1
2023-01-23,0.40591302500037,1
2023-01-24,-0.46972398022339,1
2023-01-25,-0.292636386313185,1
2023-01-26,0.302310040932593,1
2023-01-27,-0.43687438016332,1
2023-01-30,1.49847019053925,1
2023-01-31,0.255811157286571,1
2023-02-01,2.03436179264845,1
2023-02-02,0.756081248019353,1
2023-02-03,1.44829857401639,1
2023-02-06,-0.127795809719233,1
2023-02-07,-0.107378409134239,1
2023-02-08,-0.268917613324042,1
2023-02-09,-0.415512082436101,1
2023-02-10,-0.650559976289797,1
2023-02-13,0.201974955274686,1
2023-02-14,-0.703865114881977,1
2023-02-15,1.05473757321282,1
2023-02-16,1.556591449688,1
2023-02-17,0.529727974817775,1
2023-02-20,-0.655094969906316,1
2023-02-21,0.559285560629528,1
2023-02-22,-1.33236080545201,1
2023-02-23,-0.409419206309855,1
2023-02-24,-1.3354425292513,1
2023-02-27,-0.129542375055158,1
2023-02-28,-0.17201532598828,1
2023-03-01,0.791215122093903,1
2023-03-02,-0.077132078317871,1
2023-03-03,-1.30873286273001,1
2023-03-06,-0.229804355773175,1
2023-03-07,-0.0665128898817052,1
2023-03-08,-0.0913839959149781,1
2023-03-09,0.559679955542766,1
2023-03-10,-0.531387659817006,1
2023-03-13,0.824741770200053,1
2023-03-14,0.307661575796763,1
2023-03-15,0.371499116846519,1
2023-03-16,0.356729572522771,1
2023-03-17,1.59901401931594,1
2023-03-20,-0.268479424433717,1
2023-03-21,-0.760913195417632,1
2023-03-22,-0.283488996023448,1
2023-03-23,-0.506514017799803,1
2023-03-24,-0.859642905656883,1
2023-03-27,-0.514506983293968,1
2023-03-28,-1.7623813721561,1
2023-03-29,0.194455460598346,1
2023-03-30,0.546860202788915,1
2023-03-31,0.383130662368513,1
2023-04-03,0.551801451803599,1
2023-04-04,0.205701517370348,1
2023-04-05,0.387632832055055,1
2023-04-06,0.102320063138698,1
2023-04-07,0.0263631117928404,1
2023-04-10,2.12787884662185,1
2023-04-11,0.357919401577669,1
2023-04-12,0.0528952607872239,1
2023-04-13,-0.355034574265448,1
2023-04-14,-0.537713948963187,1
2023-04-17,-0.622124633224386,1
2023-04-18,-1.0246349537915,1
2023-04-19,0.668569663872159,1
2023-04-20,0.198891730229929,1
2023-04-21,-0.334513705788708,1
2023-04-24,0.00529658346029796,1
2023-04-25,-0.349352841896946,1
2023-04-26,-0.81706598991796,1
2023-04-27,0.902370455803985,1
2023-04-28,0.699004604459949,1
2023-05-01,-0.391017660705416,1
2023-05-02,-0.645480296507535,1
2023-05-03,-0.525252535464392,1
2023-05-04,-0.12522308379919,1
2023-05-05,-0.145117927845862,1
2023-05-08,0.687400706380025,1
2023-05-09,-0.0162525775048335,1
2023-05-10,-0.198182605155638,1
2023-05-11,0.0400751063375879,1
2023-05-12,-1.17596476295743,1
2023-05-15,-0.503661343454991,1
2023-05-16,-0.669215747489611,1
2023-05-17,0.392521573076506,1
2023-05-18,0.523338175277882,1
2023-05-19,0.239400975601707,1
2023-05-22,-0.578144015014702,1
2023-05-23,-0.00727528086628492,1
2023-05-24,-0.476366998730631,1
2023-05-25,-0.124024646950872,1
2023-05-26,0.0739825952739238,1
2023-05-29,0.0731238327608617,1
2023-05-30,0.264021886034119,1
2023-05-31,-0.0864085566463065,1
2023-06-01,-0.461628210256671,1
2023-06-02,0.237017238975466,1
2023-06-05,-0.469058913661154,1
2023-06-06,0.23981430462238,1
2023-06-07,-0.106568732952943,1
2023-06-08,-0.139990641022944,1
2023-06-09,1.16589069742918,1
2023-06-12,-0.405958488255747,1
2023-06-13,-0.300518171558635,1
2023-06-14,0.930901662655539,1
2023-06-15,1.04524224360762,1
2023-06-16,0.265478056945249,1
2023-06-19,-1.46283489053978,1
2023-06-20,-0.0951473228648619,1
2023-06-21,0.991070328654123,1
2023-06-22,0.3068230646497,1
2023-06-23,-0.175239684644263,1
2023-06-26,-0.0642176836322544,1
2023-06-27,0.243506439596573,1
2023-06-28,-0.203702745416679,1
2023-06-29,0.79470844469445,1
2023-06-30,1.34353018613764,1
2023-07-03,0.0388050438021807,1
2023-07-04,-0.0800681967538474,1
2023-07-05,0.523978573895762,1
2023-07-06,-0.363263041063823,1
2023-07-07,-0.0269731412026172,1
2023-07-10,-0.302372476330171,1
2023-07-11,0.079069991629052,1
2023-07-12,0.485733124102528,1
2023-07-13,0.108796439625368,1
2023-07-14,-0.241886291245911,1
2023-07-17,0.580484301279767,1
2023-07-18,0.719478048245251,1
2023-07-19,-0.186027763454213,1
2023-07-20,-0.34277564618758,1
2023-07-21,0.066955995009193,1
2023-07-24,0.572857968284737,1
2023-07-25,0.110536144583296,1
2023-07-26,-0.0329739373847333,1
2023-07-27,-0.0442693528401108,1
2023-07-28,0.784818864542005,1
2023-07-31,-0.323530796882361,1
2023-08-01,0.103672995006189,1
2023-08-02,-0.237732982130182,1
2023-08-03,-0.103897677014129,1
2023-08-04,0.970113858932354,1
2023-08-07,0.0919604508958642,1
2023-08-08,-0.33070354565094,1
2023-08-09,0.410723167181616,1
2023-08-10,2.12813059030643,1
2023-08-11,-0.518165079284524,1
2023-08-14,-1.09595505747564,1
2023-08-15,-0.012432362631575,1
2023-08-16,1.6430741685903,1
2023-08-17,0.331597851300305,1
2023-08-18,-0.416142102971727,1
2023-08-21,-0.542441356394657,1
2023-08-22,-0.249031643961848,1
2023-08-23,-0.378485202837647,1
2023-08-24,0.650747640569706,1
2023-08-25,-0.0550967693593162,1
2023-08-28,0.139590415587425,1
2023-08-29,-0.708960616059813,1
2023-08-30,0.0682152413575028,1
